conference,year,paper_id,title,abstract,topics,image_url
ICLR,2022,7044,Multimeasurement Generative Models,"We formally map the problem of sampling from an unknown distribution with a density in $\mathbb{R}^d$ to the problem of learning and sampling a smoother density in $\mathbb{R}^{Md}$ obtained by convolution with a fixed factorial kernel: the new density is referred to as M-density and the kernel as multimeasurement noise model (MNM). The M-density in $\mathbb{R}^{Md}$ is smoother than the original density in $\mathbb{R}^d$, easier to learn and sample from, yet for large $M$ the two problems are mathematically equivalent since clean data can be estimated exactly given a multimeasurement noisy observation using the Bayes estimator. To formulate the problem, we derive the Bayes estimator for Poisson and Gaussian MNMs in closed form in terms of the unnormalized M-density. This leads to a simple least-squares objective for learning parametric energy and score functions. We present various parametrization schemes of interest including one in which studying Gaussian M-densities directly leads to multidenoising autoencoders—this is the first theoretical connection made between denoising autoencoders and empirical Bayes in the literature.  Samples in $\mathbb{R}^d$ are obtained by walk-jump sampling (Saremi & Hyvarinen, 2019) via underdamped Langevin MCMC (walk) to sample from M-density and the multimeasurement Bayes estimation (jump). We study permutation invariant Gaussian M-densities on MNIST, CIFAR-10, and FFHQ-256 datasets, and demonstrate the effectiveness of this framework for realizing fast-mixing stable Markov chains in high dimensions.","['Generative Models' 'Statistical Learning' 'Bayesian Inference'
 'Markov Chain Monte Carlo ' 'Denoising Autoencoders'
 'High-Dimensional Data Analysis']",https://iclr.cc/media/PosterPDFs/ICLR%202022/d7a728a67d909e714c0774e22cb806f2_im8wxYi.png
ICLR,2022,6714,Learning Neural Contextual Bandits through Perturbed Rewards,"Thanks to the power of representation learning, neural contextual bandit algorithms demonstrate remarkable performance improvement against their classical counterparts. But because their exploration has to be performed in the entire neural network parameter space to obtain nearly optimal regret, the resulting computational cost is prohibitively high.  We propose to perturb the rewards when updating the neural network to eliminate the need of explicit exploration and the corresponding computational overhead. We prove that a $\tilde{O}(\tilde{d}\sqrt{T})$ regret upper bound is still achievable under standard regularity conditions, where $T$ is the number of rounds of interactions and $\tilde{d}$ is the effective dimension of a neural tangent kernel matrix. Extensive comparisons with several benchmark contextual bandit algorithms, including two recent neural contextual bandit models, demonstrate the effectiveness and computational efficiency of our proposed neural bandit algorithm.","['Neural Networks' 'Reinforcement Learning' 'Contextual Bandits'
 'Algorithmic Efficiency']",https://iclr.cc/media/PosterPDFs/ICLR%202022/443dec3062d0286986e21dc0631734c9_8A4p2wF.png
ICLR,2022,6712,Triangle and Four Cycle Counting with Predictions in Graph Streams,"We propose data-driven one-pass streaming algorithms for estimating the number of triangles and four cycles, two fundamental problems in graph analytics that are widely studied in the graph data stream literature. Recently, Hsu et al. (2019) and Jiang et al. (2020) applied machine learning techniques in other data stream problems, using a trained oracle that can predict certain properties of the stream elements to improve on prior “classical” algorithms that did not use oracles. In this paper, we explore the power of a “heavy edge” oracle in multiple graph edge streaming models. In the adjacency list model, we present a one-pass triangle counting algorithm improving upon the previous space upper bounds without such an oracle. In the arbitrary order model, we present algorithms for both triangle and four cycle estimation with fewer passes and the same space complexity as in previous algorithms, and we show several of these bounds are optimal. We analyze our algorithms under several noise models, showing that the algorithms perform well even when the oracle errs. Our methodology expands upon prior work on “classical” streaming algorithms, as previous multi-pass and random order streaming algorithms can be seen as special cases of our algorithms, where the first pass or random order was used to implement the heavy edge oracle. Lastly, our experiments demonstrate advantages of the proposed method compared to state-of-the-art streaming algorithms.","['Graph Algorithms' 'Streaming Algorithms' 'Graph Analytics'
 'Machine Learning in Graphs' 'Data Stream Processing']",https://iclr.cc/media/PosterPDFs/ICLR%202022/f9fe83f1ea3dd2108188fb7bf8aa5b3c.png
ICLR,2022,6721,Scaling Laws for Neural Machine Translation,"We present an empirical study of scaling properties of encoder-decoder Transformer models used in neural machine translation (NMT). We show that cross-entropy loss as a function of model size follows a certain scaling law. Specifically (i) We propose a formula which describes the scaling behavior of cross-entropy loss as a bivariate function of encoder and decoder size, and show that it gives accurate predictions under a variety of scaling approaches and languages; we show that the total number of parameters alone is not sufficient for such purposes. (ii) We observe different power law exponents when scaling the decoder vs scaling the encoder, and provide recommendations for optimal allocation of encoder/decoder capacity based on this observation. (iii) We also report that the scaling behavior of the model is acutely influenced by composition bias of the train/test sets, which we define as any deviation from naturally generated text (either via machine generated or human translated text). We observe that natural text on the target side enjoys scaling, which manifests as successful reduction of the cross-entropy loss. (iv) Finally, we investigate the relationship between the cross-entropy loss and the quality of the generated translations. We find two different behaviors, depending on the nature of the test data. For test sets which were originally translated from target language to source language, both loss and BLEU score improve as model size increases. In contrast, for test sets originally translated from source language to target language, the loss improves, but the BLEU score stops improving after a certain threshold. We release generated text from all models used in this study.","['Neural Machine Translation ' 'Transformer Models'
 'Machine Learning Scaling Laws' 'Natural Language Processing'
 'Model Evaluation and Metrics ']",https://iclr.cc/media/PosterPDFs/ICLR%202022/97108695bd93b6be52fa0334874c8722.png
ICLR,2022,6064,Memorizing Transformers,"Language models typically need to be trained or finetuned in order to acquire new knowledge, which involves updating their weights.  We instead envision language models that can simply read and memorize new data at inference time, thus acquiring new knowledge immediately. In this work, we extend language models with the ability to memorize the internal representations of past inputs. We demonstrate that an approximate $k$NN lookup into a non-differentiable memory of recent (key, value) pairs improves language modeling across various benchmarks and tasks, including generic webtext (C4), math papers (arXiv), books (PG-19), code (Github), as well as formal theorems (Isabelle). We show that the performance steadily improves when we increase the size of memory up to 262K tokens. On benchmarks including code and mathematics, we find that the model is capable of making use of newly defined functions and theorems during test time.","['Natural Language Processing' 'Language Models'
 'Memory-Augmented Neural Networks' 'Information Retrieval']",https://iclr.cc/media/PosterPDFs/ICLR%202022/0314c9b108b8c39f1cf878ed93fdd5ae.png
ICLR,2022,7034,LEARNING GUARANTEES FOR GRAPH CONVOLUTIONAL NETWORKS ON THE STOCHASTIC BLOCK MODEL,"An abundance of neural network models and algorithms for diverse tasks on graphs have been developed in the past five years. However, very few provable guarantees have been available for the performance of graph neural network models. This state of affairs is in contrast with the steady progress on the theoretical underpinnings of traditional dense and convolutional neural networks. In this paper we present the first provable guarantees for one of the best-studied families of graph neural network models, Graph Convolutional Networks (GCNs), for semi- supervised community detection tasks. We show that with high probability over the initialization and training data, a GCN will efficiently learn to detect communities on graphs drawn from a stochastic block model. Our proof relies on a fine-grained analysis of the training dynamics in order to overcome the complexity of a non-convex optimization landscape with many poorly-performing local minima.","['Graph Neural Networks' 'Theoretical Computer Science'
 'Community Detection' 'Stochastic Block Model' 'Neural Network Theory']",https://iclr.cc/media/PosterPDFs/ICLR%202022/02a32ad2669e6fe298e607fe7cc0e1a0.png
ICLR,2022,5929,Promoting Saliency From Depth: Deep Unsupervised RGB-D Saliency Detection,"Growing interests in RGB-D salient object detection (RGB-D SOD) have been witnessed in recent years, owing partly to the popularity of depth sensors and the rapid progress of deep learning techniques. Unfortunately, existing RGB-D SOD methods typically demand large quantity of training images being thoroughly annotated at pixel-level. The laborious and time-consuming manual annotation has become a real bottleneck in various practical scenarios. On the other hand, current unsupervised RGB-D SOD methods still heavily rely on handcrafted feature representations. This inspires us to propose in this paper a deep unsupervised RGB-D saliency detection approach, which requires no manual pixel-level annotation during training. It is realized by two key ingredients in our training pipeline. First, a depth-disentangled saliency update (DSU) framework is designed to automatically produce pseudo-labels with iterative follow-up refinements, which provides more trustworthy supervision signals for training the saliency network. Second, an attentive training strategy is introduced to tackle the issue of noisy pseudo-labels, by properly re-weighting to highlight the more reliable pseudo-labels. Extensive experiments demonstrate the superior efficiency and effectiveness of our approach in tackling the challenging unsupervised RGB-D SOD scenarios. Moreover, our approach can also be adapted to work in fully-supervised situation. Empirical studies show the incorporation of our approach gives rise to notably performance improvement in existing supervised RGB-D SOD models.","['Computer Vision' 'Deep Learning' 'Saliency Detection'
 'Unsupervised Learning' 'RGB-D Imaging']",https://iclr.cc/media/PosterPDFs/ICLR%202022/19f3cd308f1455b3fa09a282e0d496f4.png
ICLR,2022,7210,Pessimistic Model-based Offline Reinforcement Learning under Partial Coverage,"We study model-based offline Reinforcement Learning with general function approximation without a full coverage assumption on the offline data distribution. We present an algorithm named Constrained Pessimistic Policy Optimization (CPPO) which leverages a general function class and uses a constraint over the models to encode pessimism. Under the assumption that the ground truth model belongs to our function class (i.e., realizability in the function class), CPPO has a PAC guarantee with offline data only providing partial coverage, i.e., it can learn a policy that competes against any policy covered by the offline data. We then demonstrate that this algorithmic framework can be applied to many specialized Markov Decision Processes where the additional structural assumptions can further refine the concept of partial coverage. Two notable examples are: (1) low- rank MDP with representation learning where the partial coverage condition is defined using a relative condition number measured by the unknown ground truth feature representation; (2) factored MDP where the partial coverage condition is defined using density-ratio based concentrability coefficients associated with individual factors.","['Reinforcement Learning' 'Model-based Reinforcement Learning'
 'Offline Reinforcement Learning' 'Machine Learning Theory'
 'Markov Decision Processes ']",https://iclr.cc/media/PosterPDFs/ICLR%202022/e8b1cbd05f6e6a358a81dee52493dd06.png
ICLR,2022,6058,Generalizing Few-Shot NAS with Gradient Matching,"Efficient performance estimation of architectures drawn from large search spaces is essential to Neural Architecture Search. One-Shot methods tackle this challenge by training one supernet to approximate the performance of every architecture in the search space via weight-sharing, thereby drastically reducing the search cost. However, due to coupled optimization between child architectures caused by weight-sharing, One-Shot supernet's performance estimation could be inaccurate, leading to degraded search outcomes. To address this issue, Few-Shot NAS reduces the level of weight-sharing by splitting the One-Shot supernet into multiple separated sub-supernets via edge-wise (layer-wise) exhaustive partitioning. Since each partition of the supernet is not equally important, it necessitates the design of a more effective splitting criterion. In this work, we propose a gradient matching score (GM) that leverages gradient information at the shared weight for making informed splitting decisions. Intuitively, gradients from different child models can be used to identify whether they agree on how to update the shared modules, and subsequently to decide if they should share weight. Compared with exhaustive partitioning, the proposed criterion significantly reduces the branching factor per edge. This allows us to split more edges (layers) for a given budget, resulting in substantially improved performance as NAS search spaces usually include dozens of edges (layers). Extensive empirical evaluations of the proposed method on a wide range of search spaces (NASBench-201, DARTS, MobileNet Space), datasets (cifar10, cifar100, ImageNet) and search algorithms (DARTS, SNAS, RSPS, ProxylessNAS, OFA) demonstrate that it significantly outperforms its Few-Shot counterparts while surpassing previous comparable methods in terms of the accuracy of derived architectures. Our code is available at https://github.com/skhu101/GM-NAS.","['Neural Architecture Search ' 'Deep Learning' 'Optimization Techniques'
 'Performance Estimation' 'Gradient-Based Methods']",https://iclr.cc/media/PosterPDFs/ICLR%202022/a012869311d64a44b5a0d567cd20de04_ijFMJxk.png
ICLR,2022,7128,The Boltzmann Policy Distribution: Accounting for Systematic Suboptimality in Human Models,"Models of human behavior for prediction and collaboration tend to fall into two categories: ones that learn from large amounts of data via imitation learning, and ones that assume human behavior to be noisily-optimal for some reward function. The former are very useful, but only when it is possible to gather a lot of human data in the target environment and distribution. The advantage of the latter type, which includes Boltzmann rationality, is the ability to make accurate predictions in new environments without extensive data when humans are actually close to optimal. However, these models fail when humans exhibit systematic suboptimality, i.e. when their deviations from optimal behavior are not independent, but instead consistent over time. Our key insight is that systematic suboptimality can be modeled by predicting policies, which couple action choices over time, instead of trajectories. We introduce the Boltzmann policy distribution (BPD), which serves as a prior over human policies and adapts via Bayesian inference to capture systematic deviations by observing human actions during a single episode. The BPD is difficult to compute and represent because policies lie in a high-dimensional continuous space, but we leverage tools from generative and sequence modeling to enable efficient sampling and inference. We show that the BPD enables prediction of human behavior and human-AI collaboration equally as well as imitation learning-based human models while using far less data.","['Human-Computer Interaction' 'Behavioral Modeling' 'Bayesian Inference'
 'Generative Models' 'Sequence Modeling']",https://iclr.cc/media/PosterPDFs/ICLR%202022/b3ba8f1bee1238a2f37603d90b58898d.png
ICLR,2022,7123,The Convex Geometry of Backpropagation: Neural Network Gradient Flows Converge to Extreme Points of the Dual Convex Program,"We study non-convex subgradient flows for training two-layer ReLU neural networks from a convex geometry and duality perspective. We characterize the implicit bias of unregularized non-convex gradient flow as convex regularization of an equivalent convex model. We then show that the limit points of non-convex subgradient flows can be identified via primal-dual correspondence in this convex optimization problem.  Moreover, we derive a sufficient condition on the dual variables which ensures that the stationary points of the non-convex objective are the KKT points of the convex objective, thus proving convergence of non-convex gradient flows to the global optimum. For a class of regular training data distributions such as orthogonal separable data, we show that this sufficient condition holds. Therefore, non-convex gradient flows in fact converge to optimal solutions of a convex optimization problem. We present numerical results verifying the predictions of our theory for non-convex subgradient descent.","['Neural Networks' 'Optimization' 'Convex Analysis'
 'Computational Mathematics']",https://iclr.cc/media/PosterPDFs/ICLR%202022/f3175210f90bfc7ea82901db0ef7452f.png
ICLR,2022,7117,Understanding and Leveraging Overparameterization in Recursive Value Estimation,"The theory of function approximation in reinforcement learning (RL) typically considers low capacity representations that incur a tradeoff between approximation error, stability and generalization.  Current deep architectures, however, operate in an overparameterized regime where approximation error is not necessarily a bottleneck.  To better understand the utility of deep models in RL we present an analysis of recursive value estimation using \emph{overparameterized} linear representations that provides useful, transferable findings.  First, we show that classical updates such as temporal difference (TD) learning or fitted-value-iteration (FVI) converge to \emph{different} fixed points than residual minimization (RM) in the overparameterized linear case.  We then develop a unified interpretation of overparameterized linear value estimation as minimizing the Euclidean norm of the weights subject to alternative constraints.  A practical consequence is that RM can be modified by a simple alteration of the backup targets to obtain the same fixed points as FVI and TD (when they converge), while universally ensuring stability.  Further, we provide an analysis of the generalization error of these methods, demonstrating per iterate bounds on the value prediction error of FVI, and fixed point bounds for TD and RM.  Given this understanding, we then develop new algorithmic tools for improving recursive value estimation with deep models. In particular, we extract two regularizers that penalize out-of-span top-layer weights and co-linearity in top-layer features respectively.  Empirically we find that these regularizers dramatically improve the stability of TD and FVI, while allowing RM to match and even sometimes surpass their generalization performance with assured stability.","['Reinforcement Learning' 'Function Approximation' 'Deep Learning'
 'Overparameterization' 'Value Estimation' 'Machine Learning Theory']",https://iclr.cc/media/PosterPDFs/ICLR%202022/789a283923884fb1c9598f796581a39d.png
ICLR,2022,6587,Learning Long-Term Reward Redistribution via Randomized Return Decomposition,"Many practical applications of reinforcement learning require agents to learn from sparse and delayed rewards. It challenges the ability of agents to attribute their actions to future outcomes. In this paper, we consider the problem formulation of episodic reinforcement learning with trajectory feedback. It refers to an extreme delay of reward signals, in which the agent can only obtain one reward signal at the end of each trajectory. A popular paradigm for this problem setting is learning with a designed auxiliary dense reward function, namely proxy reward, instead of sparse environmental signals. Based on this framework, this paper proposes a novel reward redistribution algorithm, randomized return decomposition (RRD), to learn a proxy reward function for episodic reinforcement learning. We establish a surrogate problem by Monte-Carlo sampling that scales up least-squares-based reward redistribution to long-horizon problems. We analyze our surrogate loss function by connection with existing methods in the literature, which illustrates the algorithmic properties of our approach. In experiments, we extensively evaluate our proposed method on a variety of benchmark tasks with episodic rewards and demonstrate substantial improvement over baseline algorithms.","['Reinforcement Learning' 'Reward Redistribution'
 'Episodic Reinforcement Learning']",https://iclr.cc/media/PosterPDFs/ICLR%202022/bbaa9d6a1445eac881750bea6053f564.png
ICLR,2022,6425,Distributionally Robust Models with Parametric Likelihood Ratios,"As machine learning models are deployed ever more broadly, it becomes increasingly important that they are not only able to perform well on their training distribution, but also yield accurate predictions when confronted with distribution shift. The Distributionally Robust Optimization (DRO) framework proposes to address this issue by training models to minimize their expected risk under a collection of distributions, to imitate test-time shifts. This is most commonly achieved by instance-level re-weighting of the training objective to emulate the likelihood ratio with possible test distributions, which allows for estimating their empirical risk via importance sampling (assuming that they are subpopulations of the training distribution). However, re-weighting schemes in the literature are usually limited due to the difficulty of keeping the optimization problem tractable and the complexity of enforcing normalization constraints. In this paper, we show that three simple ideas -- mini-batch level normalization, a KL penalty and simultaneous gradient updates -- allow us to train models with DRO using a broader class of parametric likelihood ratios. In a series of experiments on both image and text classification benchmarks, we find that models trained with the resulting parametric adversaries are consistently more robust to subpopulation shifts when compared to other DRO approaches, and that the method performs reliably well with little hyper-parameter tuning.","['Distributionally Robust Optimization' 'Robustness to Distribution Shift'
 'Parametric Models' 'Likelihood Ratios' 'Optimization Techniques']",https://iclr.cc/media/PosterPDFs/ICLR%202022/5607fe8879e4fd269e88387e8cb30b7e.png
ICLR,2022,7085,Learning with Noisy Labels Revisited: A Study Using Real-World Human Annotations,"Existing research on learning with noisy labels mainly focuses on synthetic label noise. The synthetic noise, though has clean structures which greatly enabled statistical analyses, often fails to model the real-world noise patterns. The recent literature has observed several efforts to offer real-world noisy datasets, e.g., Food-101N, WebVision, and Clothing1M. Yet the existing efforts suffer from two caveats: firstly, the lack of ground-truth verification makes it hard to theoretically study the property and treatment of real-world label noise. Secondly, these efforts are often of large scales, which may result in unfair comparisons of robust methods within reasonable and accessible computation power. To better understand real-world label noise, it is important to establish controllable, easy-to-use, and moderate-sized real-world noisy datasets with both ground-truth and noisy labels. This work presents two new benchmark datasets, which we name as CIFAR-10N, CIFAR-100N (jointly we call them CIFAR-N), equipping the training datasets of CIFAR-10 and CIFAR-100 with human-annotated real-world noisy labels we collected from Amazon Mechanical Turk. We quantitatively and qualitatively show that real-world noisy labels follow an instance-dependent pattern rather than the classically assumed and adopted ones (e.g.,  class-dependent label noise). We then initiate an effort to benchmarking a subset of the existing solutions using  CIFAR-10N and CIFAR-100N. We further proceed to study the memorization of correct and wrong predictions, which further illustrates the difference between human noise and class-dependent synthetic noise. We show indeed the real-world noise patterns impose new and outstanding challenges as compared to synthetic label noise. These observations require us to rethink the treatment of noisy labels, and we hope the availability of these two datasets would facilitate the development and evaluation of future learning with noisy label solutions. The corresponding datasets and the leaderboard are available at http://noisylabels.com.","['Data Annotation' 'Noisy Labels' 'Dataset Benchmarking'
 'Human-Computer Interaction' 'Data Quality and Noise Analysis']",https://iclr.cc/media/PosterPDFs/ICLR%202022/3cf166c6b73f030b4f67eeaeba301103.png
ICLR,2023,14181,Controlling Dynamic Spatial Light Modulators using Equivariant Neural Networks,"Spatial Light Modulators (SLMs) are devices that can modulate the amplitude or the phase of a beam of light. These devices are used in applications such as beam front aberration and microscopic manipulation with optical tweezers. Here, we study the problem of learning to modulate light in a new type of temperature-controlled SLM. These SLMs are panels that use a thin viscous film in which shallow wave patterns can be induced by varying the temperature of the panel. This method can be used for modulating light such as high-power lasers. The problem here is to learn which input temperature signal is necessary in order to induce a given pattern in the reflected light. We propose a deep equivariant model to learn this relationship. We generate a synthetic dataset consisting of temperature signals and corresponding light patterns by simulating the thin film lubrication equation that governs the phenomenon of thermocapillary dewetting. We use this dataset to train our networks. We demonstrate the advantage of using equivariant neural networks over convolutional neural networks in order to learn the mapping.","['Optical Engineering' 'Neural Networks' 'Photonics'
 'Computational Optics']",https://iclr.cc/media/PosterPDFs/ICLR%202023/14181.png
ICLR,2023,11093,SoftZoo: A Soft Robot Co-design Benchmark For Locomotion In Diverse Environments,"While significant research progress has been made in robot learning for control, unique challenges arise when simultaneously co-optimizing morphology. Existing work has typically been tailored for particular environments or representations. In order to more fully understand inherent design and performance tradeoffs and accelerate the development of new breeds of soft robots, a comprehensive virtual platform — with well-established tasks, environments, and evaluation metrics — is needed. In this work, we introduce SoftZoo, a soft robot co-design platform for locomotion in diverse environments. SoftZoo supports an extensive, naturally-inspired material set, including the ability to simulate environments such as flat ground, desert, wetland, clay, ice, snow, shallow water, and ocean. Further, it provides a variety of tasks relevant for soft robotics, including fast locomotion, agile turning, and path following, as well as differentiable design representations for morphology and control. Combined, these elements form a feature-rich platform for analysis and development of soft robot co-design algorithms. We benchmark prevalent representations and co-design algorithms, and shed light on 1) the interplay between environment, morphology, and behavior (2) the importance of design space representations 3) the ambiguity in muscle formation and controller synthesis and 4) the value of differentiable physics. We envision that SoftZoo will serve as a standard platform and template an approach toward the development of novel representations and algorithms for co-designing soft robots’ behavioral and morphological intelligence. Demos are available on our project page.","['Robotics' 'Soft Robotics' 'Robot Learning' 'Co-design'
 'Morphology Optimization' 'Locomotion' 'Simulation and Modeling'
 'Control Systems']",https://iclr.cc/media/PosterPDFs/ICLR%202023/11093.png
ICLR,2023,11674,Q-Pensieve: Boosting Sample Efficiency of Multi-Objective RL Through Memory Sharing of Q-Snapshots,"Many real-world continuous control problems are in the dilemma of weighing the pros and cons, multi-objective reinforcement learning (MORL) serves as a generic framework of learning control policies for different preferences over objectives. However, the existing MORL methods either rely on multiple passes of explicit search for finding the Pareto front and therefore are not sample-efficient, or utilizes a shared policy network for coarse knowledge sharing among policies. To boost the sample efficiency of MORL, we propose $Q$-Pensieve, a policy improvement scheme that stores a collection of $Q$-snapshots to jointly determine the policy update direction and thereby enables data sharing at the policy level. We show that $Q$-Pensieve can be naturally integrated with soft policy iteration with convergence guarantee. To substantiate this concept, we propose the technique of $Q$ replay buffer, which stores the learned $Q$-networks from the past iterations, and arrive at a practical actor-critic implementation. Through extensive experiments and an ablation study, we demonstrate that with much fewer samples, the proposed algorithm can outperform the benchmark MORL methods on a variety of MORL benchmark tasks.","['Multi-Objective Reinforcement Learning ' 'Continuous Control'
 'Sample Efficiency' 'Policy Improvement' 'Actor-Critic Methods']",https://iclr.cc/media/PosterPDFs/ICLR%202023/11674.png
ICLR,2023,14174,SimuStruct: Simulated Structural Plate with Holes Dataset with Machine Learning Applications,"This paper introduces SimuStruct: Simulated Structural Parts Dataset, a dataset that contains 2D structural parts, their respective meshes and the outputs of numerical simulations for different properties for linear and elastic material, boundary and loading conditions, and for varying levels of refinement. SimuStruct comprises the classic case of plates with holes since it is a 2D simple case with analytical resolution and which is found in different mechanical design applications. The SimuStruct dataset comprises many different cases, where each case is solved using standard Finite Element Methods (FEMs) with the open-source package FEniCS. Compared to other datasets similar in purpose, SimuStruct is more diversified and realistic because it aims to comprises diverse real cases for different loading and boundary conditions, different properties for linear and elastic material, and different levels of refinement. In addition, SimuStruct is more flexible, versatile, and scalable because all algorithms and codes are implemented using open-source libraries. The main goal of the SimuStruct dataset is to serve both as training and evaluation data for Machine Learning (ML)-based methods in structural analysis and optimal mesh generation and therefore support the development of ML-based optimal mechanical design solutions. An application of SimuStruct is presented to train and test an ANN model to predict stress-strain fields. SimuStruct will contribute to the connection of the Mechanical Engineering and ML communities, which will allow accelerating and exploitation the research in the computational design field.","['Mechanical Engineering' 'Structural Analysis' 'Finite Element Methods '
 'Machine Learning Applications' 'Computational Design'
 'Numerical Simulation' 'Data Science in Engineering']",https://iclr.cc/media/PosterPDFs/ICLR%202023/14174.png
ICLR,2023,13797,Towards understanding the modality gap in CLIP,"This work examines the phenomenon of the modality gap observed in CLIP-based multimodal learning methods. The modality gap in this context refers to the separation of image and text embeddings in the joint latent space. Some previous research has attributed the gap to cone effect of neural network initialization and suggested closing may not be necessary. However, this study argues that the modality gap is associated with local minima in the CLIP loss function. Through a series of proof-of-concept experiments, we illustrate these local minima and the difficulty of avoiding them in practice. Overall, this work hopes to provide better insight into the root cause of the modality gap.","['Multimodal Learning' 'Neural Networks' 'Computer Vision'
 'Natural Language Processing']",https://iclr.cc/media/PosterPDFs/ICLR%202023/13797.png
ICLR,2023,12215,Harnessing Out-Of-Distribution Examples via Augmenting Content and Style,"Machine learning models are vulnerable to Out-Of-Distribution (OOD) examples, such a problem has drawn much attention. However, current methods lack a full understanding of different types of OOD data: there are benign OOD data that can be properly adapted to enhance the learning performance, while other malign OOD data would severely degenerate the classification result. To Harness OOD data, this paper proposes HOOD method that can leverage the content and style from each image instance to identify benign and malign OOD data. Particularly, we design a variational inference framework to causally disentangle content and style features by constructing a structural causal model. Subsequently, we augment the content and style through an intervention process to produce malign and benign OOD data, respectively. The benign OOD data contain novel styles but hold our interested contents, and they can be leveraged to help train a style-invariant model. In contrast, the malign OOD data inherit unknown contents but carry familiar styles, by detecting them can improve model robustness against deceiving anomalies. Thanks to the proposed novel disentanglement and data augmentation techniques, HOOD can effectively deal with OOD examples in unknown and open environments, whose effectiveness is empirically validated in three typical OOD applications including OOD detection, open-set semi-supervised learning, and open-set domain adaptation.","['Out-Of-Distribution  Detection' 'Data Augmentation'
 'Variational Inference' 'Causal Inference' 'Domain Adaptation'
 'Semi-Supervised Learning']",https://iclr.cc/media/PosterPDFs/ICLR%202023/12215.png
ICLR,2023,12107,NTK-SAP: Improving neural network pruning by aligning training dynamics,"Pruning neural networks before training has received increasing interest due to its potential to reduce training time and memory. One popular method is to prune the connections based on a  certain metric, but it is not entirely clear what metric is the best choice. Recent advances in neural tangent kernel (NTK) theory suggest that the training dynamics of large enough neural networks is closely related to the spectrum of the NTK. Motivated by this finding, we propose to prune the connections that have the least influence on the spectrum of the NTK. This method can help maintain the NTK spectrum, which may help align the training dynamics to that of its dense counterpart. However, one possible issue is that the fixed-weight-NTK corresponding to a given initial point can be very different from the NTK corresponding to later iterates during the training phase. We further propose to sample multiple realizations of random weights to estimate the NTK spectrum. Note that our approach is weight-agnostic, which is different from most existing methods that are weight-dependent. In addition, we use random inputs to compute the fixed-weight-NTK, making our method data-agnostic as well. We name our foresight pruning algorithm Neural Tangent Kernel Spectrum-Aware Pruning (NTK-SAP). Empirically, our method achieves better performance than all baselines on multiple datasets.","['Neural Network Pruning' 'Neural Tangent Kernel '
 'Machine Learning Optimization' 'Deep Learning Theory']",https://iclr.cc/media/PosterPDFs/ICLR%202023/12107.png
ICLR,2023,10708,Cross-Layer Retrospective Retrieving via Layer Attention,"More and more evidence has shown that strengthening layer interactions can enhance the representation power of a deep neural network, while self-attention excels at learning interdependencies by retrieving query-activated information. Motivated by this, we devise a cross-layer attention mechanism, called multi-head recurrent layer attention (MRLA), that sends a query representation of the current layer to all previous layers to retrieve query-related information from different levels of receptive fields. A light-weighted version of MRLA is also proposed to reduce the quadratic computation cost. The proposed layer attention mechanism can enrich the representation power of many state-of-the-art vision networks, including CNNs and vision transformers. Its effectiveness has been extensively evaluated in image classification, object detection and instance segmentation tasks, where improvements can be consistently observed. For example, our MRLA can improve 1.6% Top-1 accuracy on ResNet-50, while only introducing 0.16M parameters and 0.07B FLOPs. Surprisingly, it can boost the performances by a large margin of 3-4% box AP and mask AP in dense prediction tasks. Our code is available at https://github.com/joyfang1106/MRLA.","['Deep Learning' 'Neural Networks' 'Computer Vision'
 'Image Classification' 'Object Detection' 'Instance Segmentation'
 'Attention Mechanisms']",https://iclr.cc/media/PosterPDFs/ICLR%202023/10708.png
ICLR,2023,11889,Globally Optimal Training of Neural Networks with Threshold Activation Functions,"Threshold activation functions are highly preferable in neural networks due to their efficiency in hardware implementations. Moreover, their mode of operation is more interpretable and resembles that of biological neurons. However, traditional gradient based algorithms such as Gradient Descent cannot be used to train the parameters of neural networks with threshold activations since the activation function has zero gradient except at a single non-differentiable point. To this end, we study weight decay regularized training problems of deep neural networks with threshold activations. We first show that regularized deep threshold network training problems can be equivalently formulated as a standard convex optimization problem, which parallels the LASSO method, provided that the last hidden layer width exceeds a certain threshold. We also derive a simplified convex optimization formulation when the dataset can be shattered at a certain layer of the network. We corroborate our theoretical results with various numerical experiments.",['Neural Networks' 'Optimization' 'Computational Neuroscience'],https://iclr.cc/media/PosterPDFs/ICLR%202023/11889.png
ICLR,2023,14193,3D Graph Conditional Distributions via Semi-Equivariant Continuous Normalizing Flows,A general method for learning the conditional distribution $p(G | \hat{G})$ of two 3D graphs is proposed. The method is designed to be invariant to rigid body transformations and to permutations of the vertices of either graph. The core of the method is a continuous normalizing flow and semi-equivariance conditions are established to ensure the aforementioned invariance conditions. The utility of the technique is demonstrated as a conditional generative model for the molecular setting.,['Graph Theory' 'Computational Chemistry' 'Generative Models'],https://iclr.cc/media/PosterPDFs/ICLR%202023/14193.png
ICLR,2023,14111,IVP-VAE: Modeling EHR Time Series with Initial Value Problem Solvers,"Continuous-time models such as Neural ODEs and Neural Flows have shown promising results in analyzing irregularly sampled time series frequently encountered in electronic health records. Based on these models, time series are typically processed with a hybrid of an initial value problem (IVP) solver and a recurrent neural network within the variational autoencoder architecture. Sequentially solving IVPs makes such models computationally less efficient. In this paper, we propose to model time series purely with continuous processes whose state evolution can be approximated directly by IVPs. This eliminates the need for recurrent computation and enables multiple states to evolve in parallel. We further fuse the encoder and decoder with one IVP-solver based on its invertibility, which leads to fewer parameters and faster convergence. Experiments on two EHR datasets show that the proposed approach achieves comparable classification performance while gaining more than 10x speedup over other continuous-time counterparts.","['Time Series Analysis' 'Healthcare Informatics' 'Computational Modeling'
 'Neural Networks' 'Variational Autoencoders' 'Electronic Health Records ']",https://iclr.cc/media/PosterPDFs/ICLR%202023/14111.png
ICLR,2023,11654,A Differential Geometric View and Explainability of GNN on Evolving Graphs,"Graphs are ubiquitous in social networks and biochemistry, where Graph Neural Networks (GNN) are the state-of-the-art models for prediction. Graphs can be evolving and it is vital to formally model and understand how a trained GNN responds to graph evolution. We propose a smooth parameterization of the GNN predicted distributions using axiomatic attribution, where the distributions are on a low dimensional manifold within a high-dimensional embedding space. We exploit the differential geometric viewpoint to model distributional evolution as smooth curves on the manifold. We reparameterize families of curves on the manifold and design a convex optimization problem to find a unique curve that concisely approximates the distributional evolution for human interpretation. Extensive experiments on node classification, link prediction, and graph classification tasks with evolving graphs demonstrate the better sparsity, faithfulness, and intuitiveness of the proposed method over the state-of-the-art methods.","['Graph Neural Networks' 'Differential Geometry' 'Explainable AI'
 'Network Analysis' 'Computational Mathematics']",https://iclr.cc/media/PosterPDFs/ICLR%202023/11654.png
ICLR,2023,11426,TILP: Differentiable Learning of Temporal Logical Rules on Knowledge Graphs,"Compared with static knowledge graphs, temporal knowledge graphs (tKG), which can capture the evolution and change of information over time, are more realistic and general. However, due to the complexity that the notion of time introduces to the learning of the rules, an accurate graph reasoning, e.g., predicting new links between entities, is still a difficult problem. In this paper, we propose TILP, a differentiable framework for temporal logical rules learning. By designing a constrained random walk mechanism and the introduction of temporal operators, we ensure the efficiency of our model. We present temporal features modeling in tKG, e.g., recurrence, temporal order, interval between pair of relations, and duration, and incorporate it into our learning process. We compare TILP with state-of-the-art methods on two benchmark datasets. We show that our proposed framework can improve upon the performance of baseline methods while providing interpretable results. In particular, we consider various scenarios in which training samples are limited, data is biased, and the time range between training and inference are different. In all these cases, TILP works much better than the state-of-the-art methods.",['Knowledge Graphs' 'Temporal Reasoning' 'Graph Neural Networks'],https://iclr.cc/media/PosterPDFs/ICLR%202023/11426.png
ICLR,2023,12048,Vision Transformer Adapter for Dense Predictions,"This work investigates a simple yet powerful dense prediction task adapter for Vision Transformer (ViT). Unlike recently advanced variants that incorporate vision-specific inductive biases into their architectures, the plain ViT suffers inferior performance on dense predictions due to weak prior assumptions. To address this issue, we propose the ViT-Adapter, which allows plain ViT to achieve comparable performance to vision-specific transformers. Specifically, the backbone in our framework is a plain ViT that can learn powerful representations from large-scale multi-modal data. When transferring to downstream tasks, a pre-training-free adapter is used to introduce the image-related inductive biases into the model, making it suitable for these tasks. We verify ViT-Adapter on multiple dense prediction tasks, including object detection, instance segmentation, and semantic segmentation. Notably, without using extra detection data, our ViT-Adapter-L yields state-of-the-art 60.9 box AP and 53.0 mask AP on COCO test-dev. We hope that the ViT-Adapter could serve as an alternative for vision-specific transformers and facilitate future research. Code and models will be released at https://github.com/czczup/ViT-Adapter.","['Computer Vision' 'Deep Learning' 'Vision Transformers'
 'Dense Prediction Tasks' 'Object Detection' 'Instance Segmentation'
 'Semantic Segmentation']",https://iclr.cc/media/PosterPDFs/ICLR%202023/12048.png
ICLR,2023,12921,PocketNet: Ligand-Guided Pocket Prediction for Blind Docking,"We introduce PocketNet, a novel method for identifying ligand binding sites (LBS). Unlike current methods, PocketNet is tailored to identify the binding site specifically associated with the target ligand. With most protein targets having multiple binding sites, the selection process becomes ambiguous without specific ligand information. This limitation negatively impacts downstream applications such as docking and virtual screening. PocketNet addresses this challenge by combining the ouput of multiple LBS prediction tools and utilizing a deep neural network that incorporates ligand information to re-rank the sites. Our results demonstrate that PocketNet outperforms the latest methods for both pocket prediction and blind docking tasks.","['Computational Biology' 'Structural Bioinformatics' 'Drug Discovery'
 'Protein-Ligand Interactions' 'Machine Learning in Biology']",https://iclr.cc/media/PosterPDFs/ICLR%202023/12921.png
ICLR,2024,21199,LongLLMLingua: Accelerating and Enhancing LLMs in Long Context Scenarios via Prompt Compression,"In long context scenarios, large language models (LLMs) face three main challenges: higher computational cost, performance reduction, and position bias. Research indicates that LLM performance hinges on the density and position of key information in the input prompt. Addressing this, we introduce LongLLMLingua, a method for prompt compression that improves LLMs’ key information perception, effectively tackling these challenges. Our extensive evaluation across various long context scenarios demonstrates that LongLLMLingua not only enhances performance but also significantly reduces costs and latency. For instance, in the NaturalQuestions benchmark, LongLLMLingua boosts performance by up to 21.4% with around 4x fewer tokens in GPT-3.5-Turbo, leading to substantial cost savings. It achieves a 94.2% cost reduction in the LooGLE benchmark. Moreover, when compressing prompts of about 10k tokens at rates of 2x-10x, LongLLMLingua can accelerate end-to-end latency by 1.4x-3.8x.","['Natural Language Processing' 'Computational Linguistics'
 'Artificial Intelligence ' 'Language Models' 'Data Compression']",https://iclr.cc/media/PosterPDFs/ICLR%202024/21199.png
ICLR,2024,19003,Forward $\chi^2$ Divergence Based Variational Importance Sampling,"Maximizing the marginal log-likelihood is a crucial aspect of learning latent variable models, and variational inference (VI) stands as the commonly adopted method. However, VI can encounter challenges in achieving a high marginal log-likelihood when dealing with complicated posterior distributions. In response to this limitation, we introduce a novel variational importance sampling (VIS) approach that directly estimates and maximizes the marginal log-likelihood. VIS leverages the optimal proposal distribution, achieved by minimizing the forward $\chi^2$ divergence, to enhance marginal log-likelihood estimation. We apply VIS to various popular latent variable models, including mixture models, variational auto-encoders, and partially observable generalized linear models. Results demonstrate that our approach consistently outperforms state-of-the-art baselines, in terms of both log-likelihood and model parameter estimation. Code: \url{https://github.com/JerrySoybean/vis}.","['Variational Inference' 'Latent Variable Models' 'Statistical Methods'
 'Computational Statistics']",https://iclr.cc/media/PosterPDFs/ICLR%202024/19003.png
ICLR,2024,18987,Set Learning for Accurate and Calibrated Models,"Model overconfidence and poor calibration are common in machine learning and difficult to account for when applying standard empirical risk minimization. In this work, we propose a novel method to alleviate these problems that we call odd-$k$-out learning (OKO), which minimizes the cross-entropy error for sets rather than for single examples. This naturally allows the model to capture correlations across data examples and achieves both better accuracy and calibration, especially in limited training data and class-imbalanced regimes. Perhaps surprisingly, OKO often yields better calibration even when training with hard labels and dropping any additional calibration parameter tuning, such as temperature scaling. We demonstrate this in extensive experimental analyses and provide a mathematical theory to interpret our findings. We emphasize that OKO is a general framework that can be easily adapted to many settings and a trained model can be applied to single examples at inference time, without significant run-time overhead or architecture changes.","['Model Calibration' 'Empirical Risk Minimization' 'Cross-Entropy Error'
 'Data Imbalance' 'Model Accuracy']",https://iclr.cc/media/PosterPDFs/ICLR%202024/18987.png
ICLR,2024,21350,Comparing and Contrasting Deep Learning Weather Prediction Backbones on Navier-Stokes Dynamics,"There has been remarkable progress in the development of Deep Learning Weather Prediction (DLWP) models, so much so that they are poised to become competitive with traditional numerical weather prediction (NWP) models. Indeed, a wide number of DLWP architectures---based on various backbones, including U-Net, Transformer, Graph Neural Network (GNN), or Fourier Neural Operator (FNO)---have demonstrated their potential at forecasting atmospheric states. However, due to differences in training protocols, data choices (resolution, selected prognostic variables, or additional forcing inputs), and forecast horizons, it still remains unclear which of these methods and architectures is most suitable for weather forecasting. Here, we provide a detailed empirical analysis, under controlled conditions, comparing and contrasting the most prominent backbones used in DLWP models. This is done by predicting two-dimensional incompressible Navier-Stokes dynamics with different numbers of parameters and Reynolds number values. In terms of accuracy, memory consumption, and runtime, our results illustrate various tradeoffs, and they show favorable performance of FNO, in comparison with Transformer, U-Net, and GNN backbones.","['Deep Learning' 'Weather Prediction' 'Numerical Weather Prediction'
 'Machine Learning Models' 'Computational Fluid Dynamics'
 'Atmospheric Science' 'Navier-Stokes Equations']",https://iclr.cc/media/PosterPDFs/ICLR%202024/21350.png
ICLR,2024,18257,Neural Polynomial Gabor Fields for Macro Motion Analysis,"We study macro motion analysis, where macro motion refers to the collection of all visually observable motions in a dynamic scene. Traditional filtering-based methods on motion analysis typically focus only on local and tiny motions, yet fail to represent large motions or 3D scenes. Recent dynamic neural representations can faithfully represent motions using correspondences, but they cannot be directly used for motion analysis. In this work, we propose Phase-based neural polynomial Gabor fields (Phase-PGF), which learns to represent scene dynamics with low-dimensional time-varying phases. We theoretically show that Phase-PGF has several properties suitable for macro motion analysis. In our experiments, we collect diverse 2D and 3D dynamic scenes and show that Phase-PGF enables dynamic scene analysis and editing tasks including motion loop detection, motion factorization, motion smoothing, and motion magnification. Project page: https://chen-geng.com/phasepgf","['Computer Vision' 'Motion Analysis' 'Dynamic Scene Analysis'
 'Neural Networks' '3D Scene Representation']",https://iclr.cc/media/PosterPDFs/ICLR%202024/18257.png
ICLR,2024,17412,Towards Assessing and Benchmarking Risk-Return Tradeoff of Off-Policy Evaluation,"**Off-Policy Evaluation (OPE)** aims to assess the effectiveness of counterfactual policies using offline logged data and is frequently utilized to identify the top-$k$ promising policies for deployment in online A/B tests. Existing evaluation metrics for OPE estimators primarily focus on the ""accuracy"" of OPE or that of downstream policy selection, neglecting risk-return tradeoff and *efficiency* in subsequent online policy deployment. To address this issue, we draw inspiration from portfolio evaluation in finance and develop a new metric, called **SharpeRatio@k**, which measures the risk-return tradeoff and efficiency of policy portfolios formed by an OPE estimator under varying online evaluation budgets ($k$). We first demonstrate, in two example scenarios, that our proposed metric can clearly distinguish between conservative and high-stakes OPE estimators and reliably identify the most *efficient* estimator capable of forming superior portfolios of candidate policies that maximize return with minimal risk during online deployment, while existing evaluation metrics produce only degenerate results. To facilitate a quick, accurate, and consistent evaluation of OPE via SharpeRatio@k, we have also implemented the proposed metric in an open-source software. Using SharpeRatio@k and the software, we conduct a benchmark experiment of various OPE estimators regarding their risk-return tradeoff, presenting several future directions for OPE research.","['Reinforcement Learning' 'Off-Policy Evaluation' 'Risk Management'
 'Decision Making' 'Data Science' 'Financial Metrics in AI']",https://iclr.cc/media/PosterPDFs/ICLR%202024/17412.png
ICLR,2024,18598,Efficient local linearity regularization to overcome catastrophic overfitting,"Catastrophic overfitting (CO) in single-step adversarial training (AT) results in abrupt drops in the adversarial test accuracy (even down to $0$%). For models trained with multi-step AT, it has been observed that the loss function behaves locally linearly with respect to the input, this is however lost in single-step AT. To address CO in single-step AT, several methods have been proposed to enforce local linearity of the loss via regularization. However, these regularization terms considerably slow down training due to *Double Backpropagation*. Instead, in this work, we introduce a regularization term, called ELLE, to mitigate CO *effectively* and *efficiently* in classical AT evaluations, as well as some more difficult regimes, e.g., large adversarial perturbations and long training schedules. Our regularization term can be theoretically linked to curvature of the loss function and is computationally cheaper than previous methods by avoiding *Double Backpropagation*. Our thorough experimental validation demonstrates that our work does not suffer from CO, even in challenging settings where previous works suffer from it. We also notice that adapting our regularization parameter during training (ELLE-A) greatly improves the performance, specially in large $\epsilon$ setups. Our implementation is available in https://github.com/LIONS-EPFL/ELLE.","['Adversarial Training' 'Regularization Techniques' 'Deep Learning'
 'Neural Networks']",https://iclr.cc/media/PosterPDFs/ICLR%202024/18598.png
ICLR,2024,19458,NfgTransformer: Equivariant Representation Learning for Normal-form Games,"Normal-form games (NFGs) are the fundamental model ofstrategic interaction. We study their representation using neural networks. We describe the inherent equivariance of NFGs --- any permutation of strategies describes an equivalent game --- as well as the challenges this poses for representation learning. We then propose the NfgTransformer architecture that leverages this equivariance, leading to state-of-the-art performance in a range of game-theoretic tasks including equilibrium-solving, deviation gain estimation and ranking, with a common approach to NFG representation. We show that the resulting model is interpretable and versatile, paving the way towards deep learning systems capable of game-theoretic reasoning when interacting with humans and with each other.",['Game Theory' 'Neural Networks' 'Representation Learning'],https://iclr.cc/media/PosterPDFs/ICLR%202024/19458.png
ICLR,2024,18688,Masked Completion via Structured Diffusion with White-Box Transformers,"Modern learning frameworks often train deep neural networks with massive amounts of unlabeled data to learn representations by solving simple pretext tasks, then use the representations as foundations for downstream tasks. These networks are empirically designed; as such, they are usually not interpretable, their representations are not structured, and their designs are potentially redundant. White-box deep networks, in which each layer explicitly identifies and transforms structures in the data, present a promising alternative. However, existing white-box architectures have only been shown to work at scale in supervised settings with labeled data, such as classification. In this work, we provide the first instantiation of the white-box design paradigm that can be applied to large-scale unsupervised representation learning. We do this by exploiting a fundamental connection between diffusion, compression, and (masked) completion, deriving a deep transformer-like masked autoencoder architecture, called CRATE-MAE, in which the role of each layer is  mathematically fully interpretable:  they transform the data distribution to and from a structured representation. Extensive empirical evaluations confirm our analytical insights. CRATE-MAE demonstrates highly promising performance on large-scale imagery datasets while using only ~30% of the parameters compared to the standard masked autoencoder with the same model configuration. The representations learned by CRATE-MAE have explicit structure and also contain semantic meaning.","['Unsupervised Learning' 'Representation Learning' 'Deep Learning'
 'Neural Networks' 'Machine Learning Architectures' 'Transformer Models']",https://iclr.cc/media/PosterPDFs/ICLR%202024/18688.png
ICLR,2024,19414,Linear Log-Normal Attention with Unbiased Concentration,"Transformer models have achieved remarkable results in a wide range of applications. However, their scalability is hampered by the quadratic time and memory complexity of the self-attention mechanism concerning the sequence length. This limitation poses a substantial obstacle when dealing with long documents or high-resolution images. In this work, we study the self-attention mechanism by analyzing the distribution of the attention matrix and its concentration ability. Furthermore, we propose instruments to measure these quantities and introduce a novel self-attention mechanism, Linear Log-Normal Attention, designed to emulate the distribution and concentration behavior of the original self-attention. Our experimental results on popular natural language benchmarks reveal that our proposed Linear Log-Normal Attention outperforms other linearized attention alternatives, offering a promising avenue for enhancing the scalability of transformer models.","['Natural Language Processing' 'Neural Networks' 'Transformer Models'
 'Attention Mechanisms']",https://iclr.cc/media/PosterPDFs/ICLR%202024/19414.png
ICLR,2024,21400,Extending Deep Learning Emulation Across Parameter Regimes to Assess Stochastically Driven Spontaneous Transition Events,"Given the computational expense associated with simultaneous multi-task learning, we leverage fine-tuning to generalise a transformer-based network emulating a stochastic dynamical system across a range of parameters. We observe a 40-fold saving in training size required by fine-turning a pre-trained network across a parameter range rather than ab initio training for each new parameter. This allows for rapid adaptation of the deep learning model, that can be used subsequently across a large range of the parameter space or tailored to a specific regime of study. We demonstrate the model's ability to capture the relevant behaviour even at interpolated parameter values not seen during training. Applied to a well-researched zonal jet system, the speed-up provided by the deep learning model over numerical integration makes statistical study of rare events in the physical system computationally feasible.","['Deep Learning' 'Stochastic Dynamical Systems'
 'Machine Learning in Physics' 'Computational Modeling'
 'Numerical Methods' 'Climate and Atmospheric Science']",https://iclr.cc/media/PosterPDFs/ICLR%202024/21400.png
ICLR,2024,19106,Adversarial Supervision Makes Layout-to-Image Diffusion Models Thrive,"Despite the recent advances in large-scale diffusion models, little progress has been made on the layout-to-image (L2I) synthesis task. Current L2I models either suffer from poor editability via text or weak alignment between the generated image and the input layout. This limits their usability in practice. To mitigate this, we propose to integrate adversarial supervision into the conventional training pipeline of L2I diffusion models (ALDM). Specifically, we employ a segmentation-based discriminator which provides explicit feedback to the diffusion generator on the pixel-level alignment between the denoised image and the input layout. To encourage consistent adherence to the input layout over the sampling steps, we further introduce the multistep unrolling strategy. Instead of looking at a single timestep, we unroll a few steps recursively to imitate the inference process, and ask the discriminator to assess the alignment of denoised images with the layout over a certain time window. Our experiments show that ALDM enables layout faithfulness of the generated images, while allowing broad editability via text prompts. Moreover, we showcase its usefulness for practical applications: by synthesizing target distribution samples via text control, we improve domain generalization of semantic segmentation models by a large margin (~12 mIoU points).","['Computer Vision' 'Generative Models' 'Image Synthesis'
 'Adversarial Learning' 'Semantic Segmentation']",https://iclr.cc/media/PosterPDFs/ICLR%202024/19106.png
ICLR,2024,23102,Neural Retrievers are Biased Towards LLM-Generated Content,"Recently, the emergence of large language models (LLMs) has revolutionized the paradigm of information retrieval (IR) applications, especially in web search, by generating vast amounts of human-like texts on the Internet. As a result, IR systems in the LLM era are facing a new challenge: the indexed documents are now not only written by human beings but also automatically generated by the LLMs. How these LLM-generated documents influence the IR systems is a pressing and still unexplored question. In this work, we conduct a quantitative evaluation of IR models in scenarios where both human-written and LLM-generated texts are involved. Surprisingly, our findings indicate that neural retrieval models tend to rank LLM-generated documents higher. We refer to this category of biases in neural retrievers towards the LLM-generated text as thesource bias. Moreover, we discover that this bias is not confined to the first-stage neural retrievers, but extends to the second-stage neural re-rankers. Then, in-depth analyses from the perspective of text compression indicate that LLM-generated texts exhibit more focused semantics with less noise, making them easier for neural retrievers to semantic match. To mitigate the source bias, we also propose a plug-and-play debiased constraint for the optimization objective, and experimental results show its effectiveness. Finally, we discuss the potential severe concerns stemming from the observed source bias and hope our findings can serve as a critical wake-up call to the IR community and beyond. To facilitate future explorations of IR in the LLM era, the constructed two new benchmarks and codes are available in the link https://anonymous.4open.science/r/Source-Bias-B44E.","['Information Retrieval ' 'Natural Language Processing'
 'Machine Learning Bias and Fairness' 'Neural Networks'
 'Large Language Models ']",https://iclr.cc/media/PosterPDFs/ICLR%202024/23102.png
ICLR,2024,18703,SOHES: Self-supervised Open-world Hierarchical Entity Segmentation,"Open-world entity segmentation, as an emerging computer vision task, aims at segmenting entities in images without being restricted by pre-defined classes, offering impressive generalization capabilities on unseen images and concepts. Despite its promise, existing entity segmentation methods like Segment Anything Model (SAM) rely heavily on costly expert annotators. This work presents Self-supervised Open-world Hierarchical Entity Segmentation (SOHES), a novel approach that eliminates the need for human annotations. SOHES operates in three phases: self-exploration, self-instruction, and self-correction. Given a pre-trained self-supervised representation, we produce abundant high-quality pseudo-labels through visual feature clustering. Then, we train a segmentation model on the pseudo-labels, and rectify the noises in pseudo-labels via a teacher-student mutual-learning procedure. Beyond segmenting entities, SOHES also captures their constituent parts, providing a hierarchical understanding of visual entities. Using raw images as the sole training data, our method achieves unprecedented performance in self-supervised open-world segmentation, marking a significant milestone towards high-quality open-world entity segmentation in the absence of human-annotated masks. Project page: https://SOHES.github.io.","['Computer Vision' 'Self-supervised Learning' 'Open-world Segmentation'
 'Entity Segmentation' 'Hierarchical Segmentation']",https://iclr.cc/media/PosterPDFs/ICLR%202024/18703.png
ICLR,2024,18058,Epitopological learning and Cannistraci-Hebb network shape intelligence brain-inspired theory for ultra-sparse advantage in deep learning,"Sparse training (ST) aims to ameliorate deep learning by replacing fully connected artificial neural networks (ANNs) with sparse or ultra-sparse ones, such as brain networks are, therefore it might benefit to borrow brain-inspired learning paradigms from complex network intelligence theory. Here, we launch the ultra-sparse advantage challenge, whose goal is to offer evidence on the extent to which ultra-sparse (around 1\% connection retained) topologies can achieve any leaning advantage against fully connected. Epitopological learning is a field of network science and complex network intelligence that studies how to implement learning on complex networks by changing the shape of their connectivity structure (epitopological plasticity). One way to implement Epitopological (epi- means new) Learning is via link prediction: predicting the likelihood of non-observed links to appear in the network. Cannistraci-Hebb learning theory inspired the CH3-L3 network automata rule for link prediction which is effective for general-purpose link prediction. Here, starting from CH3-L3 we propose Epitopological Sparse Meta-deep Learning (ESML) to apply Epitopological Learning to sparse training. In empirical experiments, we find that ESML learns ANNs with ultra-sparse hyperbolic (epi-)topology in which emerges a community layer organization that is meta-deep (meaning that each layer also has an internal depth due to power-law node hierarchy). Furthermore, we discover that ESML can in many cases automatically sparse the neurons during training (arriving even to 30\% neurons left in hidden layers), this process of node dynamic removal is called percolation. Starting from this network science evidence, we design Cannistraci-Hebb training (CHT), a 4-step training methodology that puts ESML at its heart. We conduct experiments on 7 datasets and 5 network structures comparing CHT to dynamic sparse training SOTA algorithms and the fully connected counterparts. The results indicate that, with a mere 1\% of links retained during training, CHT surpasses fully connected networks on VGG16, GoogLeNet, ResNet50, and ResNet152. This key finding is an evidence for ultra-sparse advantage and signs a milestone in deep learning. CHT acts akin to a gradient-free oracle that adopts CH3-L3-based epitopological learning to guide the placement of new links in the ultra-sparse network topology to facilitate sparse-weight gradient learning, and this in turn reduces the convergence time of ultra-sparse training. Finally, CHT offers the first examples of parsimony dynamic sparse training because, in many datasets, it can retain network performance by percolating and significantly reducing the node network size.Our code is available at: https://github.com/biomedical-cybernetics/Cannistraci-Hebb-training","['Deep Learning' 'Sparse Training' 'Neural Networks'
 'Brain-Inspired Computing' 'Complex Network Intelligence'
 'Network Science' 'Machine Learning Algorithms']",https://iclr.cc/media/PosterPDFs/ICLR%202024/18058.png
ICML,2022,18215,LIDL: Local Intrinsic Dimension Estimation Using Approximate Likelihood,"Most of the existing methods for estimating the local intrinsic dimension of a data distribution do not scale well to high dimensional data. Many of them rely on a non-parametric nearest neighbours approach which suffers from the curse of dimensionality. We attempt to address that challenge by proposing a novel approach to the problem: Local Intrinsic Dimension estimation using approximate Likelihood (LIDL).Our method relies on an arbitrary density estimation method as its subroutine, and hence tries to sidestep the dimensionality challenge by making use of the recent progress in parametric neural methods for likelihood estimation.We carefully investigate the empirical properties of the proposed method, compare them with our theoretical predictions, show that LIDL yields competitive results on the standard benchmarks for this problem, and that it scales to thousands of dimensions. What is more, we anticipate this approach to improve further with the continuing advances in the density estimation literature.","['High-Dimensional Data Analysis' 'Dimensionality Reduction'
 'Density Estimation']",https://icml.cc/media/PosterPDFs/ICML%202022/47f91db40efc6a22350eca5c953c4742_SH6W0W6.png
ICML,2022,18287,An Exact Symbolic Reduction of Linear Smart Predict+Optimize to Mixed Integer Linear Programming,"Predictive models are traditionally optimized independently of their use in downstream decision-based optimization. The `smart, predict then optimize' (SPO) framework addresses this shortcoming by optimizing predictive models in order to \emph{minimize} the final downstream decision loss. To date, several local first-order methods and convex approximations have been proposed. These methods have proven to be effective in practice, however, it remains generally unclear as to how close these local solutions are to global optimality. In this paper, we cast the SPO problem as a bi-level program and apply Symbolic Variable Elimination (SVE) to analytically solve the lower optimization.  The resulting program can then be formulated as a mixed-integer linear program (MILP) which is solved to global optimality using standard off-the-shelf solvers. To our knowledge, our framework is the first to provide a globally optimal solution to the linear SPO problem.  Experimental results comparing with state-of-the-art local SPO solvers show that the globally optimal solution obtains up to \emph{two orders of magnitude reduction} in decision regret.","['Operations Research' 'Optimization' 'Mixed Integer Linear Programming '
 'Decision Science']",https://icml.cc/media/PosterPDFs/ICML%202022/5637f327937ff2beb7d0a499a0b99d3c.png
ICML,2022,17801,Low-Complexity Deep Convolutional Neural Networks on Fully Homomorphic Encryption Using Multiplexed Parallel Convolutions,"Recently, the standard ResNet-20 network was successfully implemented on the fully homomorphic encryption scheme, residue number system variant Cheon-Kim-Kim-Song (RNS-CKKS) scheme using bootstrapping, but the implementation lacks practicality due to high latency and low security level. To improve the performance, we first minimize total bootstrapping runtime using multiplexed parallel convolution that collects sparse output data for multiple channels compactly. We also propose the imaginary-removing bootstrapping to prevent the deep neural networks from catastrophic divergence during approximate ReLU operations. In addition, we optimize level consumptions and use lighter and tighter parameters. Simulation results show that we have 4.67x lower inference latency and 134x less amortized runtime (runtime per image) for ResNet-20 compared to the state-of-the-art previous work, and we achieve standard 128-bit security. Furthermore, we successfully implement ResNet-110 with high accuracy on the RNS-CKKS scheme for the first time.","['Cryptography' 'Deep Learning' 'Neural Networks'
 'Privacy-Preserving Machine Learning' 'Homomorphic Encryption'
 'Computational Efficiency in AI']",https://icml.cc/media/PosterPDFs/ICML%202022/445e1050156c6ae8c082a8422bb7dfc0.png
ICML,2022,17163,Fenrir: Physics-Enhanced Regression for Initial Value Problems,"We show how probabilistic numerics can be used to convert an initial value problem into a Gauss--Markov process parametrised by the dynamics of the initial value problem. Consequently, the often difficult problem of parameter estimation in ordinary differential equations is reduced to hyper-parameter estimation in Gauss--Markov regression, which tends to be considerably easier. The method's relation and benefits in comparison to classical numerical integration and gradient matching approaches is elucidated. In particular, the method can, in contrast to gradient matching, handle partial observations, and has certain routes for escaping local optima not available to classical numerical integration. Experimental results demonstrate that the method is on par or moderately better than competing approaches.","['Probabilistic Numerics' 'Initial Value Problems'
 'Ordinary Differential Equations' 'Gauss-Markov Processes'
 'Parameter Estimation' 'Numerical Analysis' 'Machine Learning in Physics']",https://icml.cc/media/PosterPDFs/ICML%202022/b59307fdacf7b2db12ec4bd5ca1caba8.png
ICML,2022,16033,Adaptive Data Analysis with Correlated Observations,"The vast majority of the work on adaptive data analysis focuses on the case where the samples in the dataset are independent. Several approaches and tools have been successfully applied in this context, such as {\em differential privacy}, {\em max-information}, {\em compression arguments}, and more. The situation is far less well-understood without the independence assumption. We embark on a systematic study of the possibilities of adaptive data analysis with correlated observations. First, we show that, in some cases, differential privacy guarantees generalization even when there are dependencies within the sample, which we quantify using a notion we call {\em Gibbs-dependence}. We complement this result with a tight negative example.%Second, we show that the connection between transcript-compression and adaptive data analysis can be extended to the non-iid setting.","['Adaptive Data Analysis' 'Correlated Data' 'Differential Privacy'
 'Statistical Learning Theory' 'Data Privacy and Security']",https://icml.cc/media/PosterPDFs/ICML%202022/3bd4017318837e92a66298c7855f4427.png
ICML,2022,16621,Stability Based Generalization Bounds for Exponential Family Langevin Dynamics,"Recent years have seen advances in generalization bounds for noisy stochastic algorithms, especially stochastic gradient Langevin dynamics (SGLD) based on stability (Mou et al., 2018; Li et al., 2020) and information theoretic approaches (Xu & Raginsky, 2017; Negrea et al., 2019; Steinke & Zakynthinou, 2020). In this paper, we unify and substantially generalize stability based generalization bounds and make three technical contributions. First, we bound the generalization error in terms of expected (not uniform) stability which arguably leads to quantitatively sharper bounds. Second, as our main contribution, we introduce Exponential Family Langevin Dynamics (EFLD), a substantial generalization of SGLD, which includes noisy versions of Sign-SGD and quantized SGD as special cases. We establish data dependent expected stability based generalization bounds for any EFLD algorithm with a O(1/n) sample dependence and dependence on gradient discrepancy rather than the norm of gradients, yielding significantly sharper bounds. Third, we establish optimization guarantees for special cases of EFLD. Further, empirical results on benchmarks illustrate that our bounds are non-vacuous, quantitatively sharper than existing bounds, and behave correctly under noisy labels.","['Machine Learning Theory' 'Stochastic Algorithms' 'Generalization Bounds'
 'Stability Analysis' 'Langevin Dynamics' 'Optimization Methods']",https://icml.cc/media/PosterPDFs/ICML%202022/61bdf049525b7d4c2cf79257ec7c2c56.png
ICML,2022,16559,Constrained Discrete Black-Box Optimization using Mixed-Integer Programming,"Discrete black-box optimization problems are challenging for model-based optimization (MBO) algorithms, such as Bayesian optimization, due to the size of the search space and the need to satisfy combinatorial constraints.  In particular, these methods require repeatedly solving a complex discrete global optimization problem in the inner loop, where popular heuristic inner-loop solvers introduce approximations and are difficult to adapt to combinatorial constraints. In response, we propose NN+MILP, a general discrete MBO framework using piecewise-linear neural networks as surrogate models and mixed-integer linear programming (MILP) to optimize the acquisition function. MILP provides optimality guarantees and a versatile declarative language for domain-specific constraints. We test our approach on a range of unconstrained and constrained problems, including DNA binding, constrained binary quadratic problems from the MINLPLib benchmark, and the NAS-Bench-101 neural architecture search benchmark. NN+MILP surpasses or matches the performance of black-box algorithms tailored to the constraints at hand, with global optimization of the acquisition problem running in a few minutes using only standard software packages and hardware.","['Discrete Optimization' 'Mixed-Integer Programming'
 'Black-Box Optimization' 'Model-Based Optimization' 'Neural Networks'
 'Combinatorial Optimization' 'Bayesian Optimization'
 'Global Optimization']",https://icml.cc/media/PosterPDFs/ICML%202022/5cc4bb753030a3d804351b2dfec0d8b5.png
ICML,2022,18247,Robin Hood and Matthew Effects: Differential Privacy Has Disparate Impact on Synthetic Data,"Generative models trained with Differential Privacy (DP) can be used to generate synthetic data while minimizing privacy risks. We analyze the impact of DP on these models vis-a-vis underrepresented classes/subgroups of data, specifically, studying: 1) the size of classes/subgroups in the synthetic data, and 2) the accuracy of classification tasks run on them. We also evaluate the effect of various levels of imbalance and privacy budgets. Our analysis uses three state-of-the-art DP models (PrivBayes, DP-WGAN, and PATE-GAN) and shows that DP yields opposite size distributions in the generated synthetic data. It affects the gap between the majority and minority classes/subgroups; in some cases by reducing it (a ""Robin Hood"" effect) and, in others, by increasing it (a ""Matthew"" effect). Either way, this leads to (similar) disparate impacts on the accuracy of classification tasks on the synthetic data, affecting disproportionately more the underrepresented subparts of the data. Consequently, when training models on synthetic data, one might incur the risk of treating different subpopulations unevenly, leading to unreliable or unfair conclusions.","['Differential Privacy' 'Synthetic Data' 'Generative Models'
 'Data Privacy' 'Fairness in Machine Learning' 'Imbalanced Data'
 'Classification Tasks' 'Data Ethics']",https://icml.cc/media/PosterPDFs/ICML%202022/19e21d13715b9720d8c00977145f1dd8.png
ICML,2022,18009,Feature Learning and Signal Propagation in Deep Neural Networks,"Recent work by Baratin et al. (2021) sheds light on an intriguing pattern that occurs during the training of deep neural networks:  some layers align much more with data compared to other layers (where the alignment is defined as the normalize euclidean product of the tangent features matrix and the data labels matrix).  The curve of the alignment as a function of layer index (generally) exhibits a ascent-descent pattern where the maximum is reached for some hidden layer.  In this work, we provide the first explanation for this phenomenon. We introduce the Equilibrium Hypothesis which connects this alignment pattern to signal propagation in deep neural networks. Our experiments demonstrate an excellent match with the theoretical predictions.","['Deep Learning' 'Neural Networks' 'Machine Learning Theory'
 'Signal Processing in Neural Networks']",https://icml.cc/media/PosterPDFs/ICML%202022/8725fb777f25776ffa9076e44fcfd776.png
ICML,2022,18035,An Initial Alignment between Neural Network and Target is Needed for Gradient Descent to Learn,"This paper introduces the notion of “Initial Alignment” (INAL) between a neural network at initialization and a target function. It is proved that if a network and a Boolean target function do not have a noticeable INAL, then noisy gradient descent with normalized i.i.d. initialization will not learn in polynomial time. Thus a certain amount of knowledge about the target (measured by the INAL) is needed in the architecture design. This also provides an answer to an open problem posed in (AS-NeurIPS’20). The results are based on deriving lower-bounds for descent algorithms on symmetric neural networks without explicit knowledge of the target function beyond its INAL.",['Neural Networks' 'Optimization'],https://icml.cc/media/PosterPDFs/ICML%202022/2e92962c0b6996add9517e4242ea9bdc.png
ICML,2022,17281,Scalable Deep Gaussian Markov Random Fields for General Graphs,"Machine learning methods on graphs have proven useful in many applications due to their ability to handle generally structured data. The framework of Gaussian Markov Random Fields (GMRFs) provides a principled way to define Gaussian models on graphs by utilizing their sparsity structure. We propose a flexible GMRF model for general graphs built on the multi-layer structure of Deep GMRFs, originally proposed for lattice graphs only. By designing a new type of layer we enable the model to scale to large graphs. The layer is constructed to allow for efficient training using variational inference and existing software frameworks for Graph Neural Networks. For a Gaussian likelihood, close to exact Bayesian inference is available for the latent field. This allows for making predictions with accompanying uncertainty estimates. The usefulness of the proposed model is verified by experiments on a number of synthetic and real world datasets, where it compares favorably to other both Bayesian and deep learning methods.","['Graph Neural Networks' 'Bayesian Inference'
 'Gaussian Markov Random Fields' 'Deep Learning'
 'Probabilistic Graphical Models']",https://icml.cc/media/PosterPDFs/ICML%202022/4a47d2983c8bd392b120b627e0e1cab4.png
ICML,2022,17429,Interpretable and Generalizable Graph Learning via Stochastic Attention Mechanism,"Interpretable graph learning is in need as many scientific applications depend on learning models to collect insights from graph-structured data. Previous works mostly focused on using post-hoc approaches to interpret pre-trained models (graph neural networks in particular). They argue against inherently interpretable models because the good interpretability of these models is often at the cost of their prediction accuracy. However, those post-hoc methods often fail to provide stable interpretation and may extract features that are spuriously correlated with the task. In this work, we address these issues by proposing Graph Stochastic Attention (GSAT). Derived from the information bottleneck principle, GSAT injects stochasticity to the attention weights to block the information from task-irrelevant graph components while learning stochasticity-reduced attention to select task-relevant subgraphs for interpretation. The selected subgraphs provably do not contain patterns that are spuriously correlated with the task under some assumptions. Extensive experiments on eight datasets show that GSAT outperforms the state-of-the-art methods by up to 20% in interpretation AUC and 5% in prediction accuracy. Our code is available at https://github.com/Graph-COM/GSAT.",['Graph Neural Networks' 'Explainable AI' 'Graph Theory' 'Data Science'],https://icml.cc/media/PosterPDFs/ICML%202022/a8acc28734d4fe90ea24353d901ae678.png
ICML,2022,16727,Neural Laplace: Learning diverse classes of differential equations in the Laplace domain,"Neural Ordinary Differential Equations model dynamical systems with ODEs learned by neural networks.However, ODEs are fundamentally inadequate to model systems with long-range dependencies or discontinuities, which are common in engineering and biological systems. Broader classes of differential equations (DE) have been proposed as remedies, including delay differential equations and integro-differential equations.Furthermore, Neural ODE suffers from numerical instability when modelling stiff ODEs and ODEs with piecewise forcing functions.In this work, we propose Neural Laplace, a unifying framework for learning diverse classes of DEs including all the aforementioned ones.Instead of modelling the dynamics in the time domain, we model it in the Laplace domain, where the history-dependencies and discontinuities in time can be represented as summations of complex exponentials. To make learning more efficient, we use the geometrical stereographic map of a Riemann sphere to induce more smoothness in the Laplace domain.In the experiments, Neural Laplace shows superior performance in modelling and extrapolating the trajectories of diverse classes of DEs, including the ones with complex history dependency and abrupt changes.","['Differential Equations' 'Dynamical Systems' 'Computational Mathematics'
 'Applied Mathematics' 'Control Systems' 'Signal Processing']",https://icml.cc/media/PosterPDFs/ICML%202022/35c5a2cb362c4d214156f930e7d13252.png
ICML,2022,17069,Model Selection in Batch Policy Optimization,"We study the problem of model selection in batch policy optimization: given a fixed, partial-feedback dataset and M model classes, learn a policy with performance that is competitive with the policy derived from the best model class. We formalize the problem in the contextual bandit setting with linear model classes by identifying three sources of error that any model selection algorithm should optimally trade-off in order to be competitive: (1) approximation error, (2) statistical complexity, and (3) coverage. The first two sources are common in model selection for supervised learning, where optimally trading off these two is well-studied. In contrast, the third source is unique to batch policy optimization and is due to dataset shift inherent to the setting. We first show that no batch policy optimization algorithm can achieve a guarantee addressing all three simultaneously, revealing a stark contrast between difficulties in batch policy optimization and the positive results available in supervised learning. Despite this negative result, we show that relaxing any one of the three error sources enables the design of algorithms achieving near-oracle inequalities for the remaining two. We conclude with experiments demonstrating the efficacy of these algorithms.","['Reinforcement Learning' 'Policy Optimization' 'Model Selection'
 'Contextual Bandits']",https://icml.cc/media/PosterPDFs/ICML%202022/20546457187cf3d52ea86538403e47cc.png
ICML,2022,18145,Langevin Monte Carlo for Contextual Bandits,"We study the efficiency of Thompson sampling for contextual bandits.  Existing Thompson sampling-based algorithms need to construct a Laplace approximation (i.e., a Gaussian distribution) of the posterior distribution, which is inefficient to sample in high dimensional applications for general covariance matrices. Moreover, the Gaussian approximation may not be a good surrogate for the posterior distribution for general reward generating functions. We propose an efficient posterior sampling algorithm, viz., Langevin Monte Carlo  Thompson Sampling (LMC-TS), that uses Markov Chain Monte Carlo (MCMC) methods to directly sample from the posterior distribution in contextual bandits. Our method is computationally efficient since it only needs to perform noisy gradient descent updates without constructing the Laplace approximation of the posterior distribution. We prove that the proposed algorithm achieves the same sublinear regret bound as the best Thompson sampling algorithms for a special case of contextual bandits, viz., linear contextual bandits. We conduct experiments on both synthetic data and real-world datasets on different contextual bandit models, which demonstrates that directly sampling from the posterior is both computationally efficient and competitive in performance.","['Reinforcement Learning' 'Bayesian Inference' 'Monte Carlo Methods'
 'Contextual Bandits']",https://icml.cc/media/PosterPDFs/ICML%202022/561918f13a2832726ec7f2e16ecd76c1_Yq4cWtn.png
ICML,2023,24891,On Uni-Modal Feature Learning in Supervised Multi-Modal Learning,"We abstract the features (i.e. learned representations) of multi-modal data into 1) uni-modal features, which can be learned from uni-modal training, and 2) paired features, which can only be learned from cross-modal interactions. Multi-modal models are expected to benefit from cross-modal interactions on the basis of ensuring uni-modal feature learning. However, recent supervised multi-modal late-fusion training approaches still suffer from insufficient learning of uni-modal features on each modality. We prove that this phenomenon does hurt the model's generalization ability. To this end, we propose to choose a targeted late-fusion learning method for the given supervised multi-modal task from Uni-Modal Ensemble (UME) and the proposed Uni-Modal Teacher (UMT), according to the distribution of uni-modal and paired features. We demonstrate that, under a simple guiding strategy, we can achieve comparable results to other complex late-fusion or intermediate-fusion methods on various multi-modal datasets, including VGG-Sound, Kinetics-400, UCF101, and ModelNet40.","['Multi-Modal Learning' 'Feature Learning' 'Supervised Learning'
 'Data Fusion']",https://icml.cc/media/PosterPDFs/ICML%202023/24891.png
ICML,2023,23863,Theory on Forgetting and Generalization of Continual Learning,"Continual learning (CL), which aims to learn a sequence of tasks, has attracted significant recent attention. However, most work has focused on the experimental performance of CL, and theoretical studies of CL are still limited. In particular, there is a lack of understanding on what factors are important and how they affect ""catastrophic forgetting"" and generalization performance. To fill this gap, our theoretical analysis, under overparameterized linear models, provides the first-known explicit form of the expected forgetting and generalization error for a general CL setup with an arbitrary number of tasks. Further analysis of such a key result yields a number of theoretical explanations about how overparameterization, task similarity, and task ordering affect both forgetting and generalization error of CL. More interestingly, by conducting experiments on real datasets using deep neural networks (DNNs), we show that some of these insights even go beyond the linear models and can be carried over to practical setups. In particular, we use concrete examples to show that our results not only explain some interesting empirical observations in recent studies, but also motivate better practical algorithm designs of CL.","['Machine Learning Theory' 'Continual Learning' 'Catastrophic Forgetting'
 'Generalization in Machine Learning' 'Overparameterization'
 'Neural Networks']",https://icml.cc/media/PosterPDFs/ICML%202023/23863.png
ICML,2023,24429,Tensor Gaussian Process with Contraction for Multi-Channel Imaging Analysis,"Multi-channel imaging data is a prevalent data format in scientific fields such as astronomy and biology. The structured information and the high dimensionality of these 3-D tensor data makes the analysis an intriguing but challenging topic for statisticians and practitioners. The low-rank scalar-on-tensor regression model, in particular, has received widespread attention and has been re-formulated as a tensor Gaussian Process (Tensor-GP) model with multi-linear kernel in Yu et al. (2018). In this paper, we extend the Tensor-GP model by introducing an integrative dimensionality reduction technique, called tensor contraction, with a Tensor-GP for a scalar-on-tensor regression task with multi-channel imaging data. This is motivated by the solar flare forecasting problem with high dimensional multi-channel imaging data. We first estimate a latent, reduced-size tensor for each data tensor and then apply a multi-linear Tensor-GP on the latent tensor data for prediction. We introduce an anisotropic total-variation regularization when conducting the tensor contraction to obtain a sparse and smooth latent tensor. We then propose an alternating proximal gradient descent algorithm for estimation. We validate our approach via extensive simulation studies and applying it to the solar flare forecasting problem.","['Statistical Modeling' 'Image Analysis' 'Computational Statistics'
 'Astronomy Data Analysis' 'Biological Data Analysis']",https://icml.cc/media/PosterPDFs/ICML%202023/24429.png
ICML,2023,26496,Simulation-Free Schrödinger Bridges via Score and Flow Matching,"We present simulation-free score and flow matching ([SF]$^2$M), a simulation-free objective for inferring stochastic dynamics given unpaired source and target samples drawn from arbitrary distributions. Our method generalizes both the score-matching loss used in the training of diffusion models and the recently proposed flow matching loss used in the training of continuous normalizing flows. [SF]$^2$M interprets continuous-time stochastic generative modeling as a Schr\""odinger bridge (SB) problem. It relies on static entropy-regularized optimal transport, or a minibatch approximation, to efficiently learn the SB without simulating the learned stochastic process. We find that [SF]$^2$M is more efficient and gives more accurate solutions to the SB problem than simulation-based methods from prior work. Finally, we apply [SF]$^2$M to the problem of learning cell dynamics from snapshot data. Notably, [SF]$^2$M is the first method to accurately model cell dynamics in high dimensions and can recover known gene regulatory networks from simulated data.","['Stochastic Processes' 'Generative Models' 'Optimal Transport'
 'Computational Biology' 'Systems Biology']",https://icml.cc/media/PosterPDFs/ICML%202023/26496.png
ICML,2023,24535,On the Global Convergence of Fitted Q-Iteration with Two-layer Neural Network Parametrization,"Deep Q-learning based algorithms have been applied successfully in many decision making problems, while their theoretical foundations are not as well understood. In this paper, we study a Fitted Q-Iteration with two-layer ReLU neural network parameterization, and find the sample complexity guarantees for the algorithm. Our approach estimates the Q-function in each iteration using a convex optimization problem. We show that this approach achieves a sample complexity of $\tilde{\mathcal{O}}(1/\epsilon^{2})$, which is order-optimal. This result holds for a countable state-spaces and does not require any assumptions such as a linear or low rank structure on the MDP.","['Reinforcement Learning' 'Machine Learning Theory' 'Neural Networks'
 'Optimization']",https://icml.cc/media/PosterPDFs/ICML%202023/24535.png
ICML,2023,24959,Shedding a PAC-Bayesian Light on Adaptive Sliced-Wasserstein Distances,"The Sliced-Wasserstein distance (SW) is a computationally efficient and theoretically grounded alternative to the Wasserstein distance. Yet, the literature on its statistical properties -- or, more accurately, its generalization properties -- with respect to the distribution of slices, beyond the uniform measure, is scarce. To bring new contributions to this line of research, we leverage the PAC-Bayesian theory and a central observation that SW may be interpreted as an average risk, the quantity PAC-Bayesian bounds have been designed to characterize. We provide three types of results: i) PAC-Bayesian generalization bounds that hold on what we refer as adaptive Sliced-Wasserstein distances, i.e. SW defined with respect to arbitrary distributions of slices (among which data-dependent distributions), ii) a principled procedure to learn the distribution of slices that yields maximally discriminative SW, by optimizing our theoretical bounds, and iii) empirical illustrations of our theoretical findings.",['Statistical Learning Theory' 'Optimal Transport' 'PAC-Bayesian Theory'],https://icml.cc/media/PosterPDFs/ICML%202023/24959.png
ICML,2023,24387,Mixture Proportion Estimation Beyond Irreducibility,"The task of mixture proportion estimation (MPE) is to estimate the weight of a component distribution in a mixture, given observations from both the component and mixture. Previous work on MPE adopts theirreducibilityassumption, which ensures identifiablity of the mixture proportion. In this paper, we propose a more general sufficient condition that accommodates several settings of interest where irreducibility does not hold. We further present a resampling-based meta-algorithm that takes any existing MPE algorithm designed to work under irreducibility and adapts it to work under our more general condition. Our approach empirically exhibits improved estimation performance relative to baseline methods and to a recently proposed regrouping-based algorithm.",['Statistics' 'Data Science' 'Computational Statistics'],https://icml.cc/media/PosterPDFs/ICML%202023/24387.png
ICML,2023,24193,Towards Theoretical Understanding of Inverse Reinforcement Learning,"Inverse reinforcement learning (IRL) denotes a powerful family of algorithms for recovering a reward function justifying the behavior demonstrated by an expert agent. A well-known limitation of IRL is the ambiguity in the choice of the reward function, due to the existence of multiple rewards that explain the observed behavior. This limitation has been recently circumvented by formulating IRL as the problem of estimating the feasible reward set, i.e., the region of the rewards compatible with the expert's behavior. In this paper, we make a step towards closing the theory gap of IRL in the case of finite-horizon problems with a generative model. We start by formally introducing the problem of estimating the feasible reward set, the corresponding PAC requirement, and discussing the properties of particular classes of rewards. Then, we provide the first minimax lower bound on the sample complexity for the problem of estimating the feasible reward set of order ${\Omega}\left( \frac{H^3SA}{\epsilon^2} \left( \log \left(\frac{1}{\delta}\right) + S \right)\right)$, being $S$ and $A$ the number of states and actions respectively, $H$ the horizon, $\epsilon$ the desired accuracy, and $\delta$ the confidence. We analyze the sample complexity of a uniform sampling strategy (US-IRL), proving a matching upper bound up to logarithmic factors. Finally, we outline several open questions in IRL and propose future research directions.","['Reinforcement Learning' 'Inverse Reinforcement Learning'
 'Theoretical Computer Science' 'Algorithmic Theory']",https://icml.cc/media/PosterPDFs/ICML%202023/24193.png
ICML,2023,24382,Constrained Decision Transformer for Offline Safe Reinforcement Learning,"Safe reinforcement learning (RL) trains a constraint satisfaction policy by interacting with the environment. We aim to tackle a more challenging problem: learning a safe policy from an offline dataset. We study the offline safe RL problem from a novel multi-objective optimization perspective and propose the $\epsilon$-reducible concept to characterize problem difficulties. The inherent trade-offs between safety and task performance inspire us to propose the constrained decision transformer (CDT) approach, which can dynamically adjust the trade-offs during deployment. Extensive experiments show the advantages of the proposed method in learning an adaptive, safe, robust, and high-reward policy. CDT outperforms its variants and strong offline safe RL baselines by a large margin with the same hyperparameters across all tasks, while keeping the zero-shot adaptation capability to different constraint thresholds, making our approach more suitable for real-world RL under constraints.","['Safe Reinforcement Learning' 'Offline Reinforcement Learning'
 'Multi-objective Optimization']",https://icml.cc/media/PosterPDFs/ICML%202023/24382.png
ICML,2023,29323,Differentiable Search of Evolutionary Trees,"Inferring the most probable evolutionary tree given leaf nodes is an important problem in computational biology that reveals the evolutionary relationships between species. Due to the exponential growth in the number of possible tree topologies, finding the best tree in polynomial time becomes computationally infeasible. In this work, we propose a novel differentiable approach as an alternative to traditional heuristic-based combinatorial tree search methods in phylogeny. Our method provides a general framework that is applicable for many phylogenetic inference problems where the optimization can be performed based on a desired objective. We empirically evaluate our method using randomly generated trees of up to 128 leaves, with each node represented by a 256-length protein sequence. The optimization objective of our method is to find the most parsimonious tree (i.e., to minimize the total number of evolutionary changes in the tree). Our method exhibits promising convergence ($<1\$% error for trees up to 32 leaves, $<8\$% error up to 128 leaves, given only leaf node information), illustrating its potential in much broader phylogenetic inference problems and possible integration with end-to-end differentiable models.",['Computational Biology' 'Phylogenetics' 'Evolutionary Biology'],https://icml.cc/media/PosterPDFs/ICML%202023/29323.png
ICML,2023,25071,Exploring Chemical Space with Score-based Out-of-distribution Generation,"A well-known limitation of existing molecular generative models is that the generated molecules highly resemble those in the training set. To generate truly novel molecules that may have even better properties for de novo drug discovery, more powerful exploration in the chemical space is necessary. To this end, we propose Molecular Out-Of-distribution Diffusion(MOOD), a score-based diffusion scheme that incorporates out-of-distribution (OOD) control in the generative stochastic differential equation (SDE) with simple control of a hyperparameter, thus requires no additional costs. Since some novel molecules may not meet the basic requirements of real-world drugs, MOOD performs conditional generation by utilizing the gradients from a property predictor that guides the reverse-time diffusion process to high-scoring regions according to target properties such as protein-ligand interactions, drug-likeness, and synthesizability. This allows MOOD to search for novel and meaningful molecules rather than generating unseen yet trivial ones. We experimentally validate that MOOD is able to explore the chemical space beyond the training distribution, generating molecules that outscore ones found with existing methods, and even the top 0.01% of the original training pool. Our code is available at https://github.com/SeulLee05/MOOD.","['Computational Chemistry' 'Drug Discovery'
 'Machine Learning in Chemistry' 'Molecular Generative Models'
 'Chemical Informatics']",https://icml.cc/media/PosterPDFs/ICML%202023/25071.png
ICML,2023,24355,EF21-P and Friends: Improved Theoretical Communication Complexity for Distributed Optimization with Bidirectional Compression,"In this work we focus our attention on distributed optimization problems in the context where the communication time between the server and the workers is non-negligible. We obtain novel methods supporting bidirectional compression (both from the server to the workers and vice versa) that enjoy new state-of-the-art theoretical communication complexity for convex and nonconvex problems. Our bounds are the first that manage to decouple the variance/error coming from the workers-to-server and server-to-workers compression, transforming a multiplicative dependence to an additive one. Moreover, in the convex regime, we obtain the first bounds that match the theoretical communication complexity of gradient descent. Even in this convex regime, our algorithms work with biased gradient estimators, which is non-standard and requires new proof techniques that may be of independent interest. Finally, our theoretical results are corroborated through suitable experiments.","['Distributed Optimization' 'Communication Complexity'
 'Convex Optimization' 'Nonconvex Optimization'
 'Bidirectional Compression' 'Theoretical Computer Science']",https://icml.cc/media/PosterPDFs/ICML%202023/24355.png
ICML,2023,23805,Test-time Adaptation with Slot-Centric Models,"Current visual detectors, though impressive within their training distribution, often fail to parse out-of-distribution scenes into their constituent entities. Recent test-time adaptation methods use auxiliary self-supervised losses to adapt the network parameters to each test example independently and have shown promising results towards generalization outside the training distribution for the task of image classification. In our work, we find evidence that these losses are insufficient for the task of scene decomposition, without also considering architectural inductive biases. Recent slot-centric generative models attempt to decompose scenes into entities in a self-supervised manner by reconstructing pixels. Drawing upon these two lines of work, we propose Slot-TTA, a semi-supervised slot-centric scene decomposition model that at test time is adapted per scene through gradient descent on reconstruction or cross-view synthesis objectives. We evaluate Slot-TTA across multiple input modalities, images or 3D point clouds, and show substantial out-of-distribution performance improvements against state-of-the-art supervised feed-forward detectors, and alternative test-time adaptation methods. Project Webpage: http://slot-tta.github.io/","['Computer Vision' 'Scene Understanding' 'Test-Time Adaptation'
 'Self-Supervised Learning' 'Generative Models'
 'Out-of-Distribution Generalization']",https://icml.cc/media/PosterPDFs/ICML%202023/23805.png
ICML,2023,24083,TR0N: Translator Networks for 0-Shot Plug-and-Play Conditional Generation,"We propose TR0N, a highly general framework to turn pre-trained unconditional generative models, such as GANs and VAEs, into conditional models. The conditioning can be highly arbitrary, and requires only a pre-trained auxiliary model. For example, we show how to turn unconditional models into class-conditional ones with the help of a classifier, and also into text-to-image models by leveraging CLIP. TR0N learns a lightweight stochastic mapping which ""translates'"" between the space of conditions and the latent space of the generative model, in such a way that the generated latent corresponds to a data sample satisfying the desired condition. The translated latent samples are then further improved upon through Langevin dynamics, enabling us to obtain higher-quality data samples. TR0N requires no training data nor fine-tuning, yet can achieve a zero-shot FID of 10.9 on MS-COCO, outperforming competing alternatives not only on this metric, but also in sampling speed -- all while retaining a much higher level of generality. Our code is available at https://github.com/layer6ai-labs/tr0n.","['Generative Models' 'Zero-Shot Learning' 'Conditional Generation'
 'Computer Vision' 'Natural Language Processing']",https://icml.cc/media/PosterPDFs/ICML%202023/24083.png
ICML,2023,24829,A New PHO-rmula for Improved Performance of Semi-Structured Networks,"Recent advances to combine structured regression models and deep neural networks for better interpretability, more expressiveness, and statistically valid uncertainty quantification demonstrate the versatility of semi-structured neural networks (SSNs). We show that techniques to properly identify the contributions of the different model components in SSNs, however, lead to suboptimal network estimation, slower convergence, and degenerated or erroneous predictions. In order to solve these problems while preserving favorable model properties, we propose a non-invasive post-hoc orthogonalization (PHO) that guarantees identifiability of model components and provides better estimation and prediction quality. Our theoretical findings are supported by numerical experiments, a benchmark comparison as well as a real-world application to COVID-19 infections.","['Neural Networks' 'Statistical Modeling' 'Data Science'
 'Computational Statistics']",https://icml.cc/media/PosterPDFs/ICML%202023/24829.png
ICML,2024,33561,In-context Vectors: Making In Context Learning More Effective and Controllable Through Latent Space Steering,"Large language models (LLMs) demonstrate emergent in-context learning capabilities, where they adapt to new tasks based on example demonstrations. However, in-context learning has seen limited effectiveness in many settings, is difficult to quantitatively control and takes up context window space. To overcome these limitations, we propose an alternative approach that recasts in-context learning as in-context vectors (ICV). Using ICV has two steps. We first use a forward pass on demonstration examples to create the in-context vector from the latent embedding of the LLM. This vector captures essential information about the intended task. On a new query, instead of adding demonstrations to the prompt, we shift the latent states of the LLM using the ICV. The ICV approach has several benefits: 1) it enables the LLM to more effectively follow the demonstration examples; 2) it's easy to control by adjusting the magnitude of the ICV; 3) it reduces the length of the prompt by removing the in-context demonstrations; 4) ICV is computationally much more efficient than fine-tuning. We demonstrate that ICV achieves better performance compared to standard in-context learning and fine-tuning on diverse tasks including safety, style transfer, role-playing and formatting. Moreover, we show that we can flexibly teach LLM to simultaneously follow different types of instructions by simple vector arithmetics on the corresponding ICVs.","['Natural Language Processing' 'Language Models' 'In-Context Learning'
 'Latent Space Manipulation']",https://icml.cc/media/PosterPDFs/ICML%202024/33561.png
ICML,2024,34905,Scalable AI Safety via Doubly-Efficient Debate,"The emergence of pre-trained AI systems with powerful capabilities across a diverse and ever-increasing set of complex domains has raised a critical challenge for AI safety as tasks can become too complicated for humans to judge directly. Irving et al (2018). proposed a debate method in this direction with the goal of pitting the power of such AI models against each other until the problem of identifying (mis)-alignment is broken down into a manageable subtask. While the promise of this approach is clear, the original framework was based on the assumption that the honest strategy is able to simulatedeterministicAI systems for anexponentialnumber of steps, limiting its applicability. In this paper, we show how to address these challenges by designing a new set of debate protocols where the honest strategy can always succeed using a simulation of apolynomialnumber of steps, whilst being able to verify the alignment ofstochasticAI systems, even when the dishonest strategy is allowed to use exponentially many simulation steps.",['AI Safety' 'Algorithmic Game Theory' 'Computational Complexity'],https://icml.cc/media/PosterPDFs/ICML%202024/34905.png
ICML,2024,34004,SiT: Symmetry-invariant Transformers for Generalisation in Reinforcement Learning,"An open challenge in reinforcement learning (RL) is the effective deployment of a trained policy to new or slightly different situations as well as semantically-similar environments. We introduceSymmetry-InvariantTransformer (SiT), a scalable vision transformer (ViT) that leverages both local and global data patterns in a self-supervised manner to improve generalisation. Central to our approach is Graph Symmetric Attention, which refines the traditional self-attention mechanism to preserve graph symmetries, resulting in invariant and equivariant latent representations. We showcase SiT's superior generalization over ViTs on MiniGrid and Procgen RL benchmarks, and its sample efficiency on Atari 100k and CIFAR10.","['Reinforcement Learning' 'Computer Vision' 'Transformers'
 'Generalization in AI' 'Self-supervised Learning']",https://icml.cc/media/PosterPDFs/ICML%202024/34004.png
ICML,2024,34624,Localizing Task Information for Improved Model Merging and Compression,"Model merging and task arithmetic have emerged as promising scalable approaches to merge multiple single-task checkpoints to one multi-task model, but their applicability is reduced by significant performance loss. Previous works have linked these drops to interference in the weight space and erasure of important task-specific features. Instead, in this work we show that the information required to solve each task is still preserved after merging as different tasks mostly use non-overlapping sets of weights. We propose TALL-masks, a method to identify these task supports given a collection of task vectors and show that one can retrieve >99% of the single task accuracy by applying our masks to the multi-task vector, effectively compressing the individual checkpoints. We study the statistics of intersections among constructed masks and reveal the existence of selfish and catastrophic weights, i.e., parameters that are important exclusively to one task and irrelevant to all tasks but detrimental to multi-task fusion. For this reason, we propose Consensus Merging, an algorithm that eliminates such weights and improves the general performance of existing model merging approaches. Our experiments in vision and NLP benchmarks with up to 20 tasks, show that Consensus Merging consistently improves existing approaches. Furthermore, our proposed compression scheme reduces storage from 57Gb to 8.2Gb while retaining 99.7% of original performance.","['Model Compression' 'Multi-task Learning' 'Neural Networks'
 'Natural Language Processing' 'Computer Vision']",https://icml.cc/media/PosterPDFs/ICML%202024/34624.png
ICML,2024,33279,RNAFlow: RNA Structure & Sequence Design via Inverse Folding-Based Flow Matching,"The growing significance of RNA engineering in diverse biological applications has spurred interest in developing AI methods for structure-based RNA design. While diffusion models have excelled in protein design, adapting them for RNA presents new challenges due to RNA's conformational flexibility and the computational cost of fine-tuning large structure prediction models. To this end, we propose RNAFlow, a flow matching model for protein-conditioned RNA sequence-structure design. Its denoising network integrates an RNA inverse folding model and a pre-trained RosettaFold2NA network for generation of RNA sequences and structures. The integration of inverse folding in the structure denoising process allows us to simplify training by fixing the structure prediction network. We further enhance the inverse folding model by conditioning it on inferred conformational ensembles to model dynamic RNA conformations. Evaluation on protein-conditioned RNA structure and sequence generation tasks demonstrates RNAFlow's advantage over existing RNA design methods.","['Computational Biology' 'Bioinformatics' 'RNA Engineering'
 'Machine Learning in Biology' 'Structural Biology']",https://icml.cc/media/PosterPDFs/ICML%202024/33279.png
ICML,2024,33297,FiT: Flexible Vision Transformer for Diffusion Model,"In the context of this reality, existing diffusion models, such as Diffusion Transformers, often face challenges when processing image resolutions outside of their trained domain. To overcome this limitation, we present the Flexible Vision Transformer (FiT), a transformer architecture specifically designed for generating images with unrestricted resolutions and aspect ratios. Unlike traditional methods that perceive images as static-resolution grids, FiT conceptualizes images as sequences of dynamically-sized tokens. This perspective enables a flexible training strategy that effortlessly adapts to diverse aspect ratios during both training and inference phases, thus promoting resolution generalization and eliminating biases induced by image cropping. Enhanced by a meticulously adjusted network structure and the integration of training-free extrapolation techniques, FiT exhibits remarkable flexibility in resolution extrapolation generation. Comprehensive experiments demonstrate the exceptional performance of FiT across a broad range of resolutions. Repository available at https://github.com/whlzy/FiT.","['Computer Vision' 'Deep Learning' 'Image Generation' 'Neural Networks'
 'Vision Transformers']",https://icml.cc/media/PosterPDFs/ICML%202024/33297.png
ICML,2024,34218,Matroid Semi-Bandits in Sublinear Time,"We study the matroid semi-bandits problem, where at each round the learner plays a subset of $K$ arms from a feasible set, and the goal is to maximize the expected cumulative linear rewards. Existing algorithms have per-round time complexity at least $\Omega(K)$, which becomes expensive when $K$ is large. To address this computational issue, we propose FasterCUCB whose sampling rule takes time sublinear in $K$ for common classes of matroids: $\mathcal{O}(D\text{ polylog}(K)\text{ polylog}(T))$ for uniform matroids, partition matroids, and graphical matroids, and $\mathcal{O}(D\sqrt{K}\text{ polylog}(T))$ for transversal matroids. Here, $D$ is the maximum number of elements in any feasible subset of arms, and $T$ is the horizon. Our technique is based on dynamic maintenance of an approximate maximum-weight basis over inner-product weights. Although the introduction of an approximate maximum-weight basis presents a challenge in regret analysis, we can still guarantee an upper bound on regret as tight as CUCB in the sense that it matches the gap-dependent lower bound by Kveton et al. (2014a) asymptotically.","['Algorithms' 'Combinatorial Optimization' 'Online Learning'
 'Theoretical Computer Science']",https://icml.cc/media/PosterPDFs/ICML%202024/34218.png
ICML,2024,34840,Generalization Error of Graph Neural Networks in the Mean-field Regime,"This work provides a theoretical framework for assessing the generalization error of graph neural networks in the over-parameterized regime, where the number of parameters surpasses the quantity of data points. We explore two widely utilized types of graph neural networks: graph convolutional neural networks and message passing graph neural networks. Prior to this study, existing bounds on the generalization error in the over-parametrized regime were uninformative, limiting our understanding of over-parameterized network performance. Our novel approach involves deriving upper bounds within the mean-field regime for evaluating the generalization error of these graph neural networks. We establish upper bounds with a convergence rate of $O(1/n)$, where $n$ is the number of graph samples. These upper bounds offer a theoretical assurance of the networks' performance on unseen data in the challenging over-parameterized regime and overall contribute to our understanding of their performance.","['Graph Neural Networks' 'Theoretical Computer Science' 'Deep Learning'
 'Generalization Theory']",https://icml.cc/media/PosterPDFs/ICML%202024/34840.png
ICML,2024,35929,Generative Model for Small Molecules with Latent Space RL Fine-Tuning to Protein Targets,"A specific challenge with deep learning approaches for molecule generation is generating both syntactically valid and chemically plausible molecular string representations. To address this, we propose a novel generative latent-variable transformer model for small molecules that leverages a recently proposed molecular string representation called SAFE. We introduce a modification to SAFE to reduce the number of invalid fragmented molecules generated during training and use this to train our model. Our experiments show that our model can generate novel molecules with a validity rate $>$ 90\% and a fragmentation rate $<$ 1\% by sampling from a latent space. By fine-tuning the model using reinforcement learning to improve molecular docking, we significantly increase the number of hit candidates for five specific protein targets compared to the pre-trained model, nearly doubling this number for certain targets. Additionally, our top 5\% mean docking scores are comparable to the current state-of-the-art (SOTA), and we marginally outperform SOTA on three of the five targets.","['Computational Chemistry' 'Drug Discovery'
 'Machine Learning in Chemistry' 'Bioinformatics' 'Cheminformatics']",https://icml.cc/media/PosterPDFs/ICML%202024/35929.png
ICML,2024,34435,How Do Nonlinear Transformers Learn and Generalize in In-Context Learning?,"Transformer-based large language models have displayed impressive in-context learning capabilities, where a pre-trained model can handle new tasks without fine-tuning by simply augmenting the query with some input-output examples from that task. Despite the empirical success, the mechanics of how to train a Transformer to achieve ICL and the corresponding ICL capacity is mostly elusive due to the technical challenges of analyzing the nonconvex training problems resulting from the nonlinear self-attention and nonlinear activation in Transformers. To the best of our knowledge, this paper provides the first theoretical analysis of the training dynamics of Transformers with nonlinear self-attention and nonlinear MLP, together with the ICL generalization capability of the resulting model. Focusing on a group of binary classification tasks, we train Transformers using data from a subset of these tasks and quantify the impact of various factors on the ICL generalization performance on the remaining unseen tasks with and without data distribution shifts. We also analyze how different components in the learned Transformers contribute to the ICL performance. Furthermore, we provide the first theoretical analysis of how model pruning affects ICL performance and prove that proper magnitude-based pruning can have a minimal impact on ICL while reducing inference costs. These theoretical findings are justified through numerical experiments.","['Natural Language Processing' 'Deep Learning' 'Transformer Models'
 'Theoretical Analysis in Machine Learning' 'In-Context Learning'
 'Model Generalization' 'Model Pruning']",https://icml.cc/media/PosterPDFs/ICML%202024/34435.png
ICML,2024,32936,Dynamic Facility Location in High Dimensional Euclidean Spaces,"We study the facility location problem in the dynamic setting, where the goal is to efficiently process an intermixed sequence of point insertions and deletions while maintaining a high quality and stable solution. Although the problem has been studied in the context of general metrics and low-dimensional spaces, much remains unknown concerning dynamic facility location in high dimensional spaces. In this work, we present the first fully dynamic algorithm for facility location in high-dimensional spaces $\mathbb{R}^{d}$. For any $c \geq 1$, our algorithm achieves $O(c)$-approximation, supports point updates in $\tilde{O}(\mathrm{poly}(d)n^{1/c + o(1)})$ amortized time and incurs $O(1)$ amortized recourse. More generally, our result shows that despite the linear-time lower bound on the update time for general metrics, it is possible to achieve sub-linear update times for metric spaces that admit dynamic nearest neighbour oracles. Experiments on real datasets confirm that our algorithm achieves high-quality solutions with low running time, and incurs minimal recourse.","['Computational Geometry' 'Algorithms' 'Operations Research'
 'Data Structures' 'High-Dimensional Data Analysis']",https://icml.cc/media/PosterPDFs/ICML%202024/32936.png
ICML,2024,33784,Emergence of In-Context Reinforcement Learning from Noise Distillation,"Recently, extensive studies in Reinforcement Learning have been carried out on the ability of transformers to adapt in-context to various environments and tasks. Current in-context RL methods are limited by their strict requirements for data, which needs to be generated by RL agents or labeled with actions from an optimal policy. In order to address this prevalent problem, we propose AD$^\varepsilon$, a new data acquisition approach that enables in-context Reinforcement Learning from noise-induced curriculum. We show that it is viable to construct a synthetic noise injection curriculum which helps to obtain learning histories. Moreover, we experimentally demonstrate that it is possible to alleviate the need for generation using optimal policies, with in-context RL still able to outperform the best suboptimal policy in a learning dataset by a 2x margin.","['Reinforcement Learning' 'Transformers' 'Data Acquisition'
 'Curriculum Learning']",https://icml.cc/media/PosterPDFs/ICML%202024/33784.png
ICML,2024,34303,Federated Offline Reinforcement Learning: Collaborative Single-Policy Coverage Suffices,"Offline reinforcement learning (RL), which seeks to learn an optimal policy using offline data, has garnered significant interest due to its potential in critical applications where online data collection is infeasible or expensive. This work explores the benefit of federated learning for offline RL, aiming at collaboratively leveraging offline datasets at multiple agents. Focusing on finite-horizon episodic tabular Markov decision processes (MDPs), we design FedLCB-Q, a variant of the popular model-free Q-learning algorithm tailored for federated offline RL. FedLCB-Q updates local Q-functions at agents with novel learning rate schedules and aggregates them at a central server using importance averaging and a carefully designed pessimistic penalty term. Our sample complexity analysis reveals that, with appropriately chosen parameters and synchronization schedules, FedLCB-Q achieves linear speedup in terms of the number of agents without requiring high-quality datasets at individual agents, as long as the local datasets collectively cover the state-action space visited by the optimal policy, highlighting the power of collaboration in the federated setting. In fact, the sample complexity almost matches that of the single-agent counterpart, as if all the data are stored at a central location, up to polynomial factors of the horizon length. Furthermore, FedLCB-Q is communication-efficient, where the number of communication rounds is only linear with respect to the horizon length up to logarithmic factors.","['Federated Learning' 'Offline Reinforcement Learning'
 'Multi-Agent Systems' 'Machine Learning Algorithms'
 'Sample Complexity Analysis']",https://icml.cc/media/PosterPDFs/ICML%202024/34303.png
ICML,2024,33521,Double Variance Reduction: A Smoothing Trick for Composite Optimization Problems without First-Order Gradient,"Variance reduction techniques are designed to decrease the sampling variance, thereby accelerating convergence rates of first-order (FO) and zeroth-order (ZO) optimization methods. However, in composite optimization problems, ZO methods encounter an additional variance called the coordinate-wise variance, which stems from the random gradient estimation. To reduce this variance, prior works require estimating all partial derivatives, essentially approximating FO information. This approach demands $\mathcal{O}(d)$ function evaluations ($d$ is the dimension size), which incurs substantial computational costs and is prohibitive in high-dimensional scenarios. This paper proposes the Zeroth-order Proximal Double Variance Reduction ($\texttt{ZPDVR}$) method, which utilizes the averaging trick to reduce both sampling and coordinate-wise variances. Compared to prior methods, $\texttt{ZPDVR}$ relies solely on random gradient estimates, calls the stochastic zeroth-order oracle (SZO) in expectation $\mathcal{O}(1)$ times per iteration, and achieves the optimal $\mathcal{O}(d(n + \kappa)\log (\frac{1}{\epsilon}))$ SZO query complexity in the strongly convex and smooth setting, where $\kappa$ represents the condition number and $\epsilon$ is the desired accuracy. Empirical results validate $\texttt{ZPDVR}$'s linear convergence and demonstrate its superior performance over other related methods.","['Optimization' 'Zeroth-Order Optimization'
 'Variance Reduction Techniques' 'Composite Optimization'
 'Computational Mathematics']",https://icml.cc/media/PosterPDFs/ICML%202024/33521.png
ICML,2024,32793,Energy-Efficient Gaussian Processes Using Low-Precision Arithmetic,"The widespread use of artificial intelligence requires finding energy-efficient paradigms for the field. We propose to reduce the energy consumption of Gaussian process regression using low-precision floating-point representations. We explore how low-precision representations impact the results of Gaussian process regression and how data set properties, implementation approach, model performance, and energy consumption interact. Our findings show that a well-conditioned kernel matrix allows reducing the energy consumption by up to 89.01% for 98.08% of arithmetic operations with little to no impact on model performance. Our findings are relevant whenever one needs to invert a symmetric full-rank matrix.","['Gaussian Processes' 'Energy Efficiency in Computing'
 'Low-Precision Computing' 'Numerical Methods in AI']",https://icml.cc/media/PosterPDFs/ICML%202024/32793.png
NeurIPS,2022,54740,"In Differential Privacy, There is Truth: on Vote-Histogram Leakage in Ensemble Private Learning","When learning from sensitive data, care must be taken to ensure that training algorithms address privacy concerns. The canonical Private Aggregation of Teacher Ensembles, or PATE, computes output labels by aggregating the predictions of a (possibly distributed) collection of teacher models via a voting mechanism. The mechanism adds noise to attain a differential privacy guarantee with respect to the teachers' training data. In this work, we observe that this use of noise, which makes PATE predictions stochastic, enables new forms of leakage of sensitive information. For a given input, our adversary exploits this stochasticity to extract high-fidelity histograms of the votes submitted by the underlying teachers. From these histograms, the adversary can learn sensitive attributes of the input such as race, gender, or age. Although this attack does not directly violate the differential privacy guarantee, it clearly violates privacy norms and expectations, and would not be possible $\textit{at all}$ without the noise inserted to obtain differential privacy. In fact, counter-intuitively, the attack $\textbf{becomes easier as we add more noise}$ to provide stronger differential privacy. We hope this encourages future work to consider privacy holistically rather than treat differential privacy as a panacea.","['Differential Privacy' 'Privacy in Machine Learning'
 'Adversarial Attacks' 'Data Privacy and Security' 'Ensemble Learning'
 'Privacy-Preserving Machine Learning']",https://neurips.cc/media/PosterPDFs/NeurIPS%202022/54740.png
NeurIPS,2022,53208,Predictive Coding beyond Gaussian Distributions,"A large amount of recent research has the far-reaching goal of finding training methods for deep neural networks that can serve as alternatives to backpropagation~(BP). A prominent example is predictive coding (PC), which is a neuroscience-inspired method that performs inference on hierarchical Gaussian generative models. These methods, however, fail to keep up with modern neural networks, as they are unable to replicate the dynamics of complex layers and activation functions. In this work, we solve this problem by generalizing PC to arbitrary probability distributions, enabling the training of architectures, such as transformers, that are hard to approximate with only Gaussian assumptions. We perform three experimental analyses. First, we study the gap between our method and the standard formulation of PC on multiple toy examples. Second, we test the reconstruction quality on variational autoencoders, where our method reaches the same reconstruction quality as BP. Third, we show that our method allows us to train transformer networks and achieve performance comparable with BP on conditional language models. More broadly, this method allows neuroscience-inspired  learning to be applied to multiple domains, since the internal distributions can be flexibly adapted to the data, tasks, and architectures used.",['Neural Networks' 'Deep Learning' 'Computational Neuroscience'],https://neurips.cc/media/PosterPDFs/NeurIPS%202022/53208.png
NeurIPS,2022,62684,Transformer Based Kenyan Election Misinformation and Hatespeech monitoring,"Abstract revised as required, with additional extended abstract pdf added.Kenyan presidential elections are a tense and problematic time. There are documented cases of voter-directed social media manipulation campaigns and incidents of post-election violence during election season. We build and test a dashboard to monitor the 2022 Kenyan election-related content on Twitter utilizing a BERT-derived pre-trained model for hate speech detection and an XLM-T pre-trained transformer for sentiment analysis, a balanced random forest is trained for detecting Twitter bots, and a pre-trained ""bag of tricks"" model for language identification. A “bag of tricks” is an optimized linear classifier that is comparable in accuracy to deep learning models while maintaining orders of magnitude more efficiently. These models can then be used to generate hourly and daily reports on hate speech, bot activity, and candidate sentiment on Twitter. Additionally, focus on implementing and deploying the dashboard efficiently with low resources is a primary focus. While deployment was not possible due to election time constraints and deployment costs. The open-source code of the dashboard is provided to allow for easy and cost-effective replication/adaption to closely related domains, with modifications implemented to allow for cost-effective deployment. It can be used to act as an early warning system for stakeholders and policymakers to take prompt action in the case of misinformation and hate speech propagation.","['Natural Language Processing' 'Misinformation Detection'
 'Hate Speech Detection' 'Social Media Analysis' 'Election Monitoring'
 'Sentiment Analysis' 'Computational Social Science']",https://neurips.cc/media/PosterPDFs/NeurIPS%202022/62684.png
NeurIPS,2022,54387,Domain Generalization by Learning and Removing Domain-specific Features,"Deep Neural Networks (DNNs) suffer from domain shift when the test dataset follows a distribution different from the training dataset. Domain generalization aims to tackle this issue by learning a model that can generalize to unseen domains. In this paper, we propose a new approach that aims to explicitly remove domain-specific features for domain generalization. Following this approach, we propose a novel framework called Learning and Removing Domain-specific features for Generalization (LRDG) that learns a domain-invariant model by tactically removing domain-specific features from the input images. Specifically, we design a classifier to effectively learn the domain-specific features for each source domain, respectively. We then develop an encoder-decoder network to map each input image into a new image space where the learned domain-specific features are removed. With the images output by the encoder-decoder network, another classifier is designed to learn the domain-invariant features to conduct image classification. Extensive experiments demonstrate that our framework achieves superior performance compared with state-of-the-art methods.","['Domain Generalization' 'Deep Learning' 'Computer Vision'
 'Image Classification']",https://neurips.cc/media/PosterPDFs/NeurIPS%202022/54387.png
NeurIPS,2022,64586,On the Sparsity of Image Super-resolution Network,"The over parameterization of neural networks has been widely concerned for a long time. This gives us the opportunity to find a sub-networks that can improve the parameter efficiency of neural networks from a over parameterized network. In our study, we used EDSR as the backbone network to explore the parameter efficiency in super-resolution(SR) networks in the form of sparsity.  Specifically, we search for sparse sub-networks at the two granularity of weight and kernel through various methods, and analyze the relationship between the structure and performance of the sub-networks. (1) We observe the ``Lottery Ticket Hypothesis'' from a new perspective in the regression task of SR on weight granularity.  (2) On convolution kernel granularity, we apply several methods to explore the influence of different sparse sub-networks on network performance and found that based on certain rules, the performance of different sub-networks rarely depends on their structures. (3) We propose a very convenient width-sparsity method on convolution kernel granularity, which can improve the parameter utilization efficiency of most SR networks.","['Image Processing' 'Computer Vision' 'Neural Networks' 'Deep Learning'
 'Super-resolution' 'Model Compression' 'Network Sparsity']",https://neurips.cc/media/PosterPDFs/NeurIPS%202022/64586.png
NeurIPS,2022,53791,VoiceBlock: Privacy through Real-Time Adversarial Attacks with Audio-to-Audio Models,"As governments and corporations adopt deep learning systems to collect and analyze user-generated audio data, concerns about security and privacy naturally emerge in areas such as automatic speaker recognition. While audio adversarial examples offer one route to mislead or evade these invasive systems, they are typically crafted through time-intensive offline optimization, limiting their usefulness in streaming contexts. Inspired by architectures for audio-to-audio tasks such as denoising and speech enhancement, we propose a neural network model capable of adversarially modifying a user's audio stream in real-time. Our model learns to apply a time-varying finite impulse response (FIR) filter to outgoing audio, allowing for effective and inconspicuous perturbations on a small fixed delay suitable for streaming tasks. We demonstrate our model is highly effective at de-identifying user speech from speaker recognition and able to transfer to an unseen recognition system. We conduct a perceptual study and find that our method produces perturbations significantly less perceptible than baseline anonymization methods, when controlling for effectiveness. Finally, we provide an implementation of our model capable of running in real-time on a single CPU thread. Audio examples and code can be found at https://interactiveaudiolab.github.io/project/voiceblock.html.","['Privacy and Security in Machine Learning' 'Adversarial Machine Learning'
 'Audio Signal Processing' 'Real-Time Systems'
 'Speech Processing and Recognition']",https://neurips.cc/media/PosterPDFs/NeurIPS%202022/53791.png
NeurIPS,2022,59601,A Mixture-of-Expert Approach to RL-based Dialogue Management,"Despite recent advancements in language models (LMs), their application to dialogue management (DM) problems and ability to carry on rich conversations remain a challenge. We use reinforcement learning (RL) to develop a dialogue agent that avoids being short-sighted (outputting generic utterances) and maximizes overall user satisfaction. Most existing RL approaches to DM train the agent at the word-level, and thus, have to deal with a combinatorially complex action space even for a medium-size vocabulary. As a result, they struggle to produce a successful and engaging dialogue even if they are warm-started with a pre-trained LM. To address this issue, we develop a RL-based DM using a novel mixture of expert language model (MoE-LM) that consists of (i) a LM capable of learning diverse semantics for conversation histories, (ii) a number of specialized LMs (or experts) capable of generating utterances corresponding to a particular attribute or personality, and (iii) a RL-based DM that performs dialogue planning with the utterances generated by the experts. Our MoE approach provides greater flexibility to generate sensible utterances with different intents and allows RL to focus on conversational-level DM. We compare it with SOTA baselines on open-domain dialogues and demonstrate its effectiveness both in terms of the diversity and sensibility of the generated utterances and the overall DM performance.",['Natural Language Processing' 'Dialogue Systems' 'Reinforcement Learning'],https://neurips.cc/media/PosterPDFs/NeurIPS%202022/59601.png
NeurIPS,2022,52843,Multi-Game Decision Transformers,"A longstanding goal of the field of AI is a method for learning a highly capable, generalist agent from diverse experience. In the subfields of vision and language, this was largely achieved by scaling up transformer-based models and training them on large, diverse datasets. Motivated by this progress, we investigate whether the same strategy can be used to produce generalist reinforcement learning agents. Specifically, we show that a single transformer-based model – with a single set of weights – trained purely offline can play a suite of up to 46 Atari games simultaneously at close-to-human performance. When trained and evaluated appropriately, we find that the same trends observed in language and vision hold, including scaling of performance with model size and rapid adaptation to new games via fine-tuning. We compare several approaches in this multi-game setting, such as online and offline RL methods and behavioral cloning, and find that our Multi-Game Decision Transformer models offer the best scalability and performance. We release the pre-trained models and code to encourage further research in this direction.",['Reinforcement Learning' 'Deep Learning' 'Multi-Task Learning' 'Game AI'],https://neurips.cc/media/PosterPDFs/NeurIPS%202022/52843.png
NeurIPS,2022,53719,Tree Mover's Distance: Bridging Graph Metrics and Stability of Graph Neural Networks,"Understanding generalization and robustness of machine learning models fundamentally relies on assuming an appropriate metric on the data space. Identifying such a metric is particularly challenging for non-Euclidean data such as graphs. Here, we propose a pseudometric for attributed graphs, the Tree Mover's Distance (TMD), and study its relation to generalization. Via a hierarchical optimal transport problem, TMD reflects the local distribution of node attributes as well as the distribution of local computation trees, which are known to be decisive for the learning behavior of graph neural networks (GNNs). First, we show that TMD captures properties relevant for graph classification: a simple TMD-SVM can perform competitively with standard GNNs. Second, we relate TMD to generalization of GNNs under distribution shifts, and show that it correlates well with performance drop under such shifts.","['Graph Neural Networks' 'Graph Theory' 'Metric Learning'
 'Robustness and Generalization in Machine Learning']",https://neurips.cc/media/PosterPDFs/NeurIPS%202022/53719.png
NeurIPS,2022,63421,Deep Learning for Model Correction in Cardiac Electrophysiological Imaging,"Imaging the electrical activity of the heart can be achieved with invasive catheterisation. However, the resulting data are sparse and noisy. Mathematical modelling of cardiac electrophysiology can help the analysis but solving the associated mathematical systems can become unfeasible. It is often computationally demanding, for instance when solving for different patient conditions. We present a new framework to model the dynamics of cardiac electrophysiology at lower cost. It is based on the integration of a low-fidelity physical model and a learning component implemented here via neural networks. The latter acts as a complement to the physical part, and handles all quantities and dynamics that the simplified physical model neglects. We demonstrate that this framework allows us to reproduce the complex dynamics of the transmembrane potential and to correctly identify the relevant physical parameters, even when only partial measurements are available. This combined model-based and data-driven approach could improve cardiac electrophysiological imaging and provide predictive tools.","['Cardiac Electrophysiology' 'Medical Imaging' 'Deep Learning'
 'Computational Modeling' 'Biomedical Engineering']",https://neurips.cc/media/PosterPDFs/NeurIPS%202022/63421.png
NeurIPS,2022,55421,RLIP: Relational Language-Image Pre-training for Human-Object Interaction Detection,"The task of Human-Object Interaction (HOI) detection targets fine-grained visual parsing of humans interacting with their environment, enabling a broad range of applications. Prior work has demonstrated the benefits of effective architecture design and integration of relevant cues for more accurate HOI detection. However, the design of an appropriate pre-training strategy for this task remains underexplored by existing approaches. To address this gap, we propose $\textit{Relational Language-Image Pre-training}$ (RLIP), a strategy for contrastive pre-training that leverages both entity and relation descriptions. To make effective use of such pre-training, we make three technical contributions: (1) a new $\textbf{Par}$allel entity detection and $\textbf{Se}$quential relation inference (ParSe) architecture that enables the use of both entity and relation descriptions during holistically optimized pre-training; (2) a synthetic data generation framework, Label Sequence Extension, that expands the scale of language data available within each minibatch; (3) ambiguity-suppression mechanisms, Relation Quality Labels and Relation Pseudo-Labels, to mitigate the influence of ambiguous/noisy samples in the pre-training data. Through extensive experiments, we demonstrate the benefits of these contributions, collectively termed RLIP-ParSe, for improved zero-shot, few-shot and fine-tuning HOI detection performance as well as increased robustness to learning from noisy annotations. Code will be available at https://github.com/JacobYuan7/RLIP.","['Computer Vision' 'Natural Language Processing'
 'Human-Object Interaction Detection' 'Pre-training Strategies'
 'Contrastive Learning']",https://neurips.cc/media/PosterPDFs/NeurIPS%202022/55421.png
NeurIPS,2022,55251,UDC: Unified DNAS for Compressible TinyML Models for Neural Processing Units,"Deploying TinyML models on low-cost IoT hardware is very challenging, due to limited device memory capacity. Neural processing unit (NPU) hardware address the memory challenge by using model compression to exploit weight quantization and sparsity to fit more parameters in the same footprint. However, designing compressible neural networks (NNs) is challenging, as it expands the design space across which we must make balanced trade-offs. This paper demonstrates Unified DNAS for Compressible (UDC) NNs, which explores a large search space to generate state-of-the-art compressible NNs for NPU. ImageNet results show UDC networks are up to 3.35x smaller (iso-accuracy) or 6.25% more accurate (iso-model size) than previous work.","['TinyML' 'Neural Network Compression' 'Neural Processing Units '
 'Model Quantization' 'Internet of Things ' 'Neural Architecture Search ']",https://neurips.cc/media/PosterPDFs/NeurIPS%202022/55251.png
NeurIPS,2022,53130,Overparameterization from Computational Constraints,"Overparameterized models with millions of parameters have been hugely successful. In this work, we ask:  can the need for large models be, at least in part, due to the \emph{computational} limitations of the learner? Additionally, we ask, is this situation exacerbated for \emph{robust} learning? We show that this indeed could be the case. We show learning tasks for which computationally bounded learners need \emph{significantly more} model parameters than what information-theoretic learners need. Furthermore, we show that even more model parameters could be necessary for robust learning. In particular, for computationally bounded learners, we extend the recent result of Bubeck and Sellke [NeurIPS'2021] which shows that robust models might need more parameters, to the computational regime and show that bounded learners could provably need an even larger number of parameters. Then, we address the following related question: can we hope to remedy the situation for robust computationally bounded learning by restricting \emph{adversaries} to also be computationally bounded for sake of obtaining models with fewer parameters? Here again, we show that this could be possible. Specifically, building on the work of Garg, Jha, Mahloujifar, and Mahmoody [ALT'2020], we demonstrate a learning task that can be learned efficiently and robustly against a computationally bounded attacker, while to be robust against an information-theoretic attacker requires the learner to utilize significantly more parameters.","['Machine Learning Theory' 'Computational Learning Theory'
 'Overparameterization' 'Robust Learning' 'Algorithmic Complexity']",https://neurips.cc/media/PosterPDFs/NeurIPS%202022/53130.png
NeurIPS,2022,53248,On Kernelized Multi-Armed Bandits with Constraints,"We study a stochastic bandit problem with a general unknown reward function and a general unknown constraint function. Both functions can be non-linear (even non-convex) and are assumed to lie in a reproducing kernel Hilbert space (RKHS) with a bounded norm. This kernelized bandit setup strictly generalizes standard multi-armed bandits and linear bandits. In contrast to safety-type hard constraints studied in prior works, we consider soft constraints that may be violated in any round as long as the cumulative violations are small, which is motivated by various practical applications. Our ultimate goal is to study how to utilize the nature of soft constraints to attain a finer complexity-regret-constraint trade-off in the kernelized bandit setting. To this end, leveraging primal-dual optimization, we propose a general framework for both algorithm design and performance analysis. This framework builds upon a novel sufficient condition, which not only is satisfied under general exploration strategies, including \emph{upper confidence bound} (UCB), \emph{Thompson sampling} (TS), and new ones based on \emph{random exploration}, but also enables a unified analysis for showing both sublinear regret and sublinear or even zero constraint violation. We demonstrate the superior performance of our proposed algorithms via numerical experiments based on both synthetic and real-world datasets. Along the way, we also make the first detailed comparison between two popular methods for analyzing constrained bandits and Markov decision processes (MDPs) by discussing the key difference and some subtleties in the analysis, which could be of independent interest to the communities.","['Reinforcement Learning' 'Optimization' 'Stochastic Processes'
 'Algorithm Design and Analysis']",https://neurips.cc/media/PosterPDFs/NeurIPS%202022/53248.png
NeurIPS,2022,64178,Adversarial Cheap Talk,"Adversarial attacks in reinforcement learning (RL) often assume highly-privileged access to the victim’s parameters, environment, or data. Instead, this paper proposes a novel adversarial setting called a Cheap Talk MDP in which an Adversary can merely append deterministic messages to the Victim’s observation, resulting in a minimal range of influence. The Adversary cannot occlude ground truth, influence underlying environment dynamics or reward signals, introduce non-stationarity, add stochasticity, see the Victim’s actions, or access their parameters. Additionally, we present a simple meta-learning algorithm called Adversarial Cheap Talk (ACT) to train Adversaries in this setting. We demonstrate that an Adversary trained with ACT can still significantly influence the Victim’s training and testing performance, despite the highly constrained setting. Affecting train-time performance reveals a new attack vector and provides insight into the success and failure modes of existing RL algorithms. More specifically, we show that an ACT Adversary is capable of harming performance by interfering with the learner’s function approximation, or instead helping the Victim’s performance by outputting useful features. Finally, we show that an ACT Adversary can manipulate messages during train-time to directly and arbitrarily control the Victim at test-time.","['Reinforcement Learning' 'Adversarial Machine Learning'
 'Multi-Agent Systems' 'Meta-Learning']",https://neurips.cc/media/PosterPDFs/NeurIPS%202022/64178.png
NeurIPS,2023,79608,Grounding Code Generation with Input-Output Specifications,"Large language models (LLMs) have demonstrated significant potential in code generation. However, the code generated by these models occasionally deviates from the user's intended outcome, resulting in executable but incorrect code. To mitigate this issue, we propose Gift4Code, a novel approach for the instruction fine-tuning of LLMs specifically tailored for code generation. Our method leverages synthetic data produced by the LLM itself and utilizes execution-derived feedback as a key learning signal. This feedback, in the form of program input-output specifications, is provided to the LLM to facilitate fine-tuning. We evaluated our approach on two challenging data science benchmarks, Arcade and DS-1000. Our results suggest that the method enhances the LLM's alignment with user intentions, reducing the incidence of executable but incorrect outputs.",['Code Generation' 'Natural Language Processing' 'Software Engineering'],https://neurips.cc/media/PosterPDFs/NeurIPS%202023/79608.png
NeurIPS,2023,71506,PAC-Bayes Generalization Certificates for Learned Inductive Conformal Prediction,"Inductive Conformal Prediction (ICP) provides a practical and effective approach for equipping deep learning models with uncertainty estimates in the form of set-valued predictions which are guaranteed to contain the ground truth with high probability.Despite the appeal of this coverage guarantee, these sets may not be efficient: the size and contents of the prediction sets are not directly controlled, and instead depend on the underlying model and choice of score function.To remedy this, recent work has proposed learning model and score function parameters using data to directly optimize the efficiency of the ICP prediction sets.While appealing, the generalization theory for such an approach is lacking: direct optimization of empirical efficiency may yield prediction sets that are either no longer efficient on test data, or no longer obtain the required coverage on test data.In this work, we use PAC-Bayes theory to obtain generalization bounds on both the coverage and the efficiency of set-valued predictors which can be directly optimized to maximize efficiency while satisfying a desired test coverage.In contrast to prior work, our framework allows us to utilize the entire calibration dataset to learn the parameters of the model and score function, instead of requiring a separate hold-out set for obtaining test-time coverage guarantees.We leverage these theoretical results to provide a practical algorithm for using calibration data to simultaneously fine-tune the parameters of a model and score function while guaranteeing test-time coverage and efficiency of the resulting prediction sets.We evaluate the approach on regression and classification tasks, and outperform baselines calibrated using a Hoeffding bound-based PAC guarantee on ICP, especially in the low-data regime.","['Uncertainty Quantification' 'Statistical Learning Theory'
 'Conformal Prediction' 'PAC-Bayes Theory']",https://neurips.cc/media/PosterPDFs/NeurIPS%202023/71506.png
NeurIPS,2023,70378,Diff-Foley: Synchronized Video-to-Audio Synthesis with Latent Diffusion Models,"The Video-to-Audio (V2A) model has recently gained attention for its practical application in generating audio directly from silent videos, particularly in video/film production. However, previous methods in V2A have limited generation quality in terms of temporal synchronization and audio-visual relevance. We present Diff-Foley, a synchronized Video-to-Audio synthesis method with a latent diffusion model (LDM) that generates high-quality audio with improved synchronization and audio-visual relevance. We adopt contrastive audio-visual pretraining (CAVP) to learn more temporally and semantically aligned features, then train an LDM with CAVP-aligned visual features on spectrogram latent space. The CAVP-aligned features enable LDM to capture the subtler audio-visual correlation via a cross-attention module. We further significantly improve sample quality with `double guidance'. Diff-Foley achieves state-of-the-art V2A performance on current large scale V2A dataset. Furthermore, we demonstrate Diff-Foley practical applicability and adaptability via customized downstream finetuning. Project Page: https://diff-foley.github.io/","['Audio-Visual Synthesis' 'Deep Learning' 'Latent Diffusion Models'
 'Video Processing' 'Audio Processing' 'Multimedia Computing']",https://neurips.cc/media/PosterPDFs/NeurIPS%202023/70378.png
NeurIPS,2023,71108,Estimating the Rate-Distortion Function by Wasserstein Gradient Descent,"In the theory of lossy compression, the rate-distortion (R-D) function $R(D)$ describes how much a data source can be compressed (in bit-rate) at any given level of fidelity (distortion). Obtaining $R(D)$ for a given data source establishes the fundamental performance limit for all compression algorithms.  We propose a new method to estimate $R(D)$ from the perspective of optimal transport. Unlike the classic Blahut--Arimoto algorithm which fixes the support of the reproduction distribution in advance, our Wasserstein gradient descent algorithm learns the support of the optimal reproduction distribution by moving particles. We prove its local convergence and analyze the sample complexity of our R-D estimator based on a connection to entropic optimal transport.  Experimentally, we obtain comparable or tighter bounds than state-of-the-art neural network methods on low-rate sources while requiring considerably less tuning and computation effort.  We also highlight a connection to maximum-likelihood deconvolution and introduce a new class of sources that can be used as test cases with known solutions to the R-D problem.","['Information Theory' 'Lossy Compression' 'Optimal Transport'
 'Signal Processing']",https://neurips.cc/media/PosterPDFs/NeurIPS%202023/71108.png
NeurIPS,2023,76267,Approximately-invariant neural networks for quantum many-body physics,"We propose \textit{approximately} group-invariant neural networks for quantum many-body physics problems. Those tailored-made architectures are parameter-efficient, scalable, significantly outperform existing symmetry-unaware neural network architectures and are competitive with the state-of-the-art iPEPS methods as we demonstrate on a perturbed toric code toy model on a $10 \times 10$ lattice. This paves way towards studying traditionally challenging quantum spin liquid problems within interpretable neural network architectures.","['Quantum Physics' 'Neural Networks' 'Computational Physics'
 'Machine Learning in Physics']",https://neurips.cc/media/PosterPDFs/NeurIPS%202023/76267.png
NeurIPS,2023,73666,VisoGender:  A dataset for benchmarking gender bias in image-text pronoun resolution,"We introduce VisoGender, a novel dataset for benchmarking gender bias in vision-language models. We focus on occupation-related biases within a hegemonic system of binary gender, inspired by Winograd and Winogender schemas, where each image is associated with a caption containing a pronoun relationship of subjects and objects in the scene. VisoGender is balanced by gender representation in professional roles, supporting bias evaluation in two ways: i) resolution bias, where we evaluate the difference between pronoun resolution accuracies for image subjects with gender presentations perceived as masculine versus feminine by human annotators and ii) retrieval bias, where we compare ratios of professionals perceived to have masculine and feminine gender presentations retrieved for a gender-neutral search query. We benchmark several state-of-the-art vision-language models and find that they demonstrate bias in resolving binary gender in complex scenes. While the direction and magnitude of gender bias depends on the task and the model being evaluated, captioning models are generally less biased than Vision-Language Encoders.","['Computer Vision' 'Natural Language Processing' 'Gender Studies'
 'Machine Learning Bias and Fairness' 'Vision-Language Models'
 'Dataset Benchmarking']",https://neurips.cc/media/PosterPDFs/NeurIPS%202023/73666.png
NeurIPS,2023,70895,Neural Foundations of Mental Simulation: Future Prediction of Latent Representations on Dynamic Scenes,"Humans and animals have a rich and flexible understanding of the physical world, which enables them to infer the underlying dynamical trajectories of objects and events, plausible future states, and use that to plan and anticipate the consequences of actions.However, the neural mechanisms underlying these computations are unclear.We combine a goal-driven modeling approach with dense neurophysiological data and high-throughput human behavioral readouts that contain thousands of comparisons to directly impinge on this question.Specifically, we construct and evaluate several classes of sensory-cognitive networks to predict the future state of rich, ethologically-relevant environments, ranging from self-supervised end-to-end models with pixel-wise or object-slot objectives, to models that future predict in the latent space of purely static image-pretrained or dynamic video-pretrained foundation models.We find that ``scale is \emph{not} all you need'', and that many state-of-the-art machine learning models fail to perform well on our neural and behavioral benchmarks for future prediction.In fact, only one class of models matches these data well overall.We find that neural responses are currently best predicted by models trained to predict the future state of their environment in the \emph{latent} space of pretrained foundation models optimized for \emph{dynamic} scenes in a self-supervised manner.These models also approach the neurons' ability to predict the environmental state variables that are visually hidden from view, despite not being explicitly trained to do so.Finally, we find that not all foundation model latents are equal.Notably, models that future predict in the latent space of video foundation models that are optimized to support a \emph{diverse} range of egocentric sensorimotor tasks, reasonably match \emph{both} human behavioral error patterns and neural dynamics across all environmental scenarios that we were able to test.Overall, these findings suggest that the neural mechanisms and behaviors of primate mental simulation have strong inductive biases associated with them, and are thus far most consistent with being optimized to future predict on \emph{reusable} visual representations that are useful for Embodied AI more generally.","['Cognitive Neuroscience' 'Computational Neuroscience' 'Embodied AI'
 'Neural Networks' 'Sensory-Cognitive Systems']",https://neurips.cc/media/PosterPDFs/NeurIPS%202023/70895.png
NeurIPS,2023,76534,How (not) to ensemble LVLMs for VQA,"This paper studies ensembling in the era of Large Vision-Language Models (LVLMs). Ensembling is a classical method to combine different models to get increased performance. In the recent work on Encyclopedic-VQA the authors examine a wide variety of models to solve their task: from vanilla LVLMs, to models including the caption as extra context, to models augmented with Lens-based retrieval of Wikipedia pages. Intuitively these models are highly complementary, which should make them ideal for ensembling. Indeed, an oracle experiment shows potential gains from 48.8% accuracy (the best single model) all the way up to 67% (best possible ensemble). So it is a trivial exercise to create an ensemble with substantial real gains. Or is it?","['Computer Vision' 'Natural Language Processing' 'Vision-Language Models'
 'Model Ensembling' 'Visual Question Answering ']",https://neurips.cc/media/PosterPDFs/NeurIPS%202023/76534.png
NeurIPS,2023,72262,Streaming PCA for Markovian Data,"Since its inception in 1982, Oja's algorithm has become an established method for streaming principle component analysis (PCA). We study the problem of streaming PCA, where the data-points are sampled from an irreducible, aperiodic, and reversible Markov chain starting in stationarity. Our goal is to estimate the top eigenvector of the unknown covariance matrix of the stationary distribution. This setting has implications in scenarios where data can solely be sampled from a Markov Chain Monte Carlo (MCMC) type algorithm, and the objective is to perform inference on parameters of the stationary distribution. Most convergence guarantees for Oja's algorithm in the literature assume that the data-points are sampled IID. For data streams with Markovian dependence, one typically downsamples the data to get a ""nearly"" independent data stream. In this paper, we obtain the first near-optimal rate for Oja's algorithm on the entire data, where we remove the logarithmic dependence on the sample size, $n$, resulting from throwing data away in downsampling strategies.","['Streaming Algorithms' 'Markov Chains' 'Principal Component Analysis '
 'Statistical Inference']",https://neurips.cc/media/PosterPDFs/NeurIPS%202023/72262.png
NeurIPS,2023,70950,Penguin: Parallel-Packed Homomorphic Encryption for Fast Graph Convolutional Network Inference,"The marriage of Graph Convolutional Network (GCN) and Homomorphic Encryption (HE) enables the inference of graph data on the cloud with significantly enhanced client data privacy. However, the tremendous computation and memory overhead associated with HE operations challenges the practicality of HE-based GCN inference. GCN inference involves a sequence of expensive matrix-matrix multiplications, and we observe that directly applying the state-of-the-art HE-based secure matrix-matrix multiplication solutions to accelerate HE-GCN inference is far less efficient as it does not exploit the unique aggregation mechanism of two-dimension graph node-features in GCN layer computation. As a result, in this paper, we propose a novel HE-based ciphertext packing technique, i.e., Penguin, that can take advantage of the unique computation pattern during the HE-GCN inference to significantly reduce the computation and memory overhead associated with HE operations.Specifically, Penguin employs (i) an effective two-dimension parallel packing technique for feature ciphertext with optimal graph node partitioning and graph feature interleaving, and (ii) an interleaved assembly technique that can effectively make use of the blank slots to merge ciphertexts after feature reduction and significantly reduce the costly rotation operation.We provide theoretical analysis and experimental validation to demonstrate the speedup achieved by Penguin in accelerating GCN inference using popular GCN models and datasets. Our results show that Penguin can achieve up to $\sim10\times$ speedup and around $\sim79$% reduction in computational memory overhead, significantly outperforming state-of-the-art solutions. To the best of our knowledge, this is the first work that can ensure the protection of both graph structure and features when accelerating HE-GCN inference on encrypted data. Our code is publicly available at https://github.com/ranran0523/Penguin.","['Homomorphic Encryption' 'Graph Convolutional Networks'
 'Privacy-Preserving Machine Learning' 'Secure Computation'
 'Cloud Computing' 'Cryptography' 'Machine Learning Acceleration']",https://neurips.cc/media/PosterPDFs/NeurIPS%202023/70950.png
NeurIPS,2023,70086,"Train Once, Get a Family: State-Adaptive Balances for Offline-to-Online Reinforcement Learning","Offline-to-online reinforcement learning (RL) is a training paradigm that combines pre-training on a pre-collected dataset with fine-tuning in an online environment. However, the incorporation of online fine-tuning can intensify the well-known distributional shift problem. Existing solutions tackle this problem by imposing a policy constraint on the policy improvement objective in both offline and online learning. They typically advocate a single balance between policy improvement and constraints across diverse data collections. This one-size-fits-all manner may not optimally leverage each collected sample due to the significant variation in data quality across different states. To this end, we introduce Family Offline-to-Online RL (FamO2O), a simple yet effective framework that empowers existing algorithms to determine state-adaptive improvement-constraint balances. FamO2O utilizes a universal model to train a family of policies with different improvement/constraint intensities, and a balance model to select a suitable policy for each state. Theoretically, we prove that state-adaptive balances are necessary for achieving a higher policy performance upper bound. Empirically, extensive experiments show that FamO2O offers a statistically significant improvement over various existing methods, achieving state-of-the-art performance on the D4RL benchmark. Codes are available at https://github.com/LeapLabTHU/FamO2O.","['Reinforcement Learning' 'Offline-to-Online Learning'
 'Policy Optimization']",https://neurips.cc/media/PosterPDFs/NeurIPS%202023/70086.png
NeurIPS,2023,76236,Self-Driving Telescopes: Autonomous Scheduling of Astronomical Observation Campaigns with Offline Reinforcement Learning,"Modern astronomical experiments are designed to achieve multiple scientific goals -- from studies of galaxy evolution to cosmic acceleration. These goals require data of many different classes of night-sky objects, each of which has a particular set of observational needs. These observational needs are typically in strong competition with one another. This poses a challenging multi-objective optimization problem that remains unsolved.The effectiveness of Reinforcement Learning (RL) as a valuable paradigm for training autonomous systems has been well-demonstrated, and it may provide the basis for self-driving telescopes capable of optimizing the scheduling for astronomy campaigns.Simulated datasets containing examples of interactions between a telescope and a discrete set of sky locations on the celestial sphere can be used to train an RL model to sequentially gather data from these several locations to maximize a cumulative reward as a measure of the quality of the data gathered.We use simulated data to test and compare multiple implementations of a Deep Q-Network (DQN) for the task of optimizing the schedule of observations from the Stone Edge Observatory (SEO). We combine multiple improvements on the DQN and adjustments to the dataset, showing that DQNs can achieve an average reward of 87%±6% of the maximum achievable reward in each state on the test set.This is the first comparison of offline RL algorithms for a particular astronomical challenge and the first open-source framework for performing such a comparison and assessment task.","['Astronomy' 'Reinforcement Learning' 'Autonomous Systems'
 'Multi-objective Optimization']",https://neurips.cc/media/PosterPDFs/NeurIPS%202023/76236.png
NeurIPS,2023,72671,Nearest Neighbour with Bandit Feedback,"In this paper we adapt the nearest neighbour rule to the contextual bandit problem. Our algorithm handles the fully adversarial setting in which no assumptions at all are made about the data-generation process. When combined with a sufficiently fast data-structure for (perhaps approximate) adaptive nearest neighbour search, such as a navigating net, our algorithm is extremely efficient - having a per trial running time polylogarithmic in both the number of trials and actions, and taking only quasi-linear space. We give generic regret bounds for our algorithm and further analyse them when applied to the stochastic bandit problem in euclidean space. A side result of this paper is that, when applied to the online classification problem with stochastic labels, our algorithm can, under certain conditions, have sublinear regret whilst only finding a single nearest neighbour per trial - in stark contrast to the k-nearest neighbours algorithm.","['Reinforcement Learning' 'Online Learning' 'Algorithms'
 'Computational Learning Theory']",https://neurips.cc/media/PosterPDFs/NeurIPS%202023/72671.png
NeurIPS,2023,70667,Ess-InfoGAIL: Semi-supervised Imitation Learning from Imbalanced Demonstrations,"Imitation learning aims to reproduce expert behaviors without relying on an explicit reward signal. However, real-world demonstrations often present challenges, such as multi-modal, data imbalance, and expensive labeling processes. In this work, we propose a novel semi-supervised imitation learning architecture that learns disentangled behavior representations from imbalanced demonstrations using limited labeled data. Specifically, our method consists of three key components. First, we adapt the concept of semi-supervised generative adversarial networks to the imitation learning context. Second, we employ a learnable latent distribution to align the generated and expert data distributions. Finally, we utilize a regularized information maximization approach in conjunction with an approximate label prior to further improve the semi-supervised learning performance. Experimental results demonstrate the efficiency of our method in learning multi-modal behaviors from imbalanced demonstrations compared to baseline methods.","['Imitation Learning' 'Semi-supervised Learning'
 'Generative Adversarial Networks ' 'Representation Learning']",https://neurips.cc/media/PosterPDFs/NeurIPS%202023/70667.png
NeurIPS,2023,71706,CADet: Fully Self-Supervised Out-Of-Distribution Detection With Contrastive Learning,"Handling out-of-distribution (OOD) samples has become a major stake in the real-world deployment of machine learning systems. This work explores the use of self-supervised contrastive learning to the simultaneous detection of two types of OOD samples: unseen classes and adversarial perturbations. First, we pair self-supervised contrastive learning with the maximum mean discrepancy (MMD) two-sample test. This approach enables us to robustly test whether two independent sets of samples originate from the same distribution, and we demonstrate its effectiveness by discriminating between CIFAR-10 and CIFAR-10.1 with higher confidence than previous work. Motivated by this success, we introduce CADet (Contrastive Anomaly Detection), a novel method for OOD detection of single samples. CADet draws inspiration from MMD, but leverages the similarity between contrastive transformations of a same sample. CADet outperforms existing adversarial detection methods in identifying adversarially perturbed samples on ImageNet and achieves comparable performance to unseen label detection methods on two challenging benchmarks: ImageNet-O and iNaturalist. Significantly, CADet is fully self-supervised and requires neither labels for in-distribution samples nor access to OOD examples.","['Out-of-Distribution Detection' 'Self-Supervised Learning'
 'Contrastive Learning' 'Adversarial Machine Learning']",https://neurips.cc/media/PosterPDFs/NeurIPS%202023/71706.png
